chr	pos	subclonal.fractions_LNET6T	subclonal.fractions_LNET6Tp1	best.assignment.likelihoods	all.assignment.likelihoods_1	all.assignment.likelihoods_2	all.assignment.likelihoods_3	Cluster	DP_LNET6T	DP_LNET6Tp1	allSameCN	Clonal	End	Ref	Alt	Func.ensGene	Gene.ensGene	GeneDetail.ensGene	ExonicFunc.ensGene	AAChange.ensGene	REVEL
1	1697435	0.0250312891113892	0.0833767587285044	1	0	0	1	3	94	101	TRUE	FALSE	1697435	A	G	intergenic	SLC35E2B;CDK11A	dist:4640;dist:4944	.	.	NA
1	2655734	0.270453008789723	0.357894736842105	1	0	0	1	3	87	100	TRUE	FALSE	2655734	C	A	intronic	TTC34	.	.	.	NA
1	3375327	0.0896358543417367	0.067911714770798	1	0	0	1	3	105	93	TRUE	FALSE	3375327	C	T	intronic	PRDM16	.	.	.	NA
1	3927495	0.847058823529412	0.720980533525595	0.686	0.686	0.314	0	Uncertain	75	73	TRUE	Uncertain	3927495	A	G	intergenic	LINC01134;LINC01346	dist:10270;dist:13122	.	.	NA
1	4376184	0.987654320987654	0.938490805326569	1	1	0	0	1	81	83	TRUE	TRUE	4376184	C	T	intergenic	AL805961.1;LINC01777	dist:356676;dist:35867	.	.	NA
1	6834156	0.0672268907563025	0.136705399863295	1	0	0	1	3	70	77	TRUE	FALSE	6834156	T	A	intronic	CAMTA1	.	.	.	NA
1	8647639	1	1	1	1	0	0	1	150	88	TRUE	TRUE	8647639	G	GTA	intronic	RERE	.	.	.	NA
1	11259688	0.168067226890756	0	1	0	0	1	3	84	62	TRUE	FALSE	11259688	C	T	intronic	MTOR	.	.	.	NA
1	12075267	0.0611153552330023	0.087719298245614	1	0	0	1	3	77	72	TRUE	FALSE	12075267	A	T	intronic	TNFRSF8	.	.	.	NA
1	12813860	1	1	1	1	0	0	1	168	128	TRUE	TRUE	12813860	G	GT	intergenic	PRAMEF1;LINC01784	dist:17232;dist:8826	.	.	NA
1	16896707	0.0217864923747277	0.0554016620498615	1	0	0	1	3	108	76	TRUE	FALSE	16896707	T	G	downstream	RNU1-2	dist:564	.	.	NA
1	17819924	1	0.800593031875463	0.997	0.997	0.003	0	1	74	71	TRUE	TRUE	17819924	G	A	intronic	ACTL8	.	.	.	NA
1	25052825	0.379506641366224	0.115356885364095	1	0	0	1	3	62	73	TRUE	FALSE	25052825	C	T	ncRNA_intronic	AL050344.1	.	.	.	NA
1	25802080	1	1	1	1	0	0	1	128	122	TRUE	TRUE	25802081	TC	T	exonic	SELENON	.	unknown	UNKNOWN;.	NA
1	31104603	0.339869281045752	0.101867572156197	1	0	0	1	3	90	62	TRUE	FALSE	31104603	A	G	intergenic	PUM1;NKAIN1	dist:38612;dist:75142	.	.	NA
1	31601914	1	1	1	1	0	0	1	122	104	TRUE	TRUE	31601914	G	GTT	intergenic	TINAGL1;HCRTR1	dist:14228;dist:15786	.	.	NA
1	32164877	0.0702370500438982	0.0568990042674253	1	0	0	1	3	67	74	TRUE	FALSE	32164877	T	A	intronic	KPNA6	.	.	.	NA
1	36203759	1	0.814035087719298	1	1	0	0	1	88	75	TRUE	TRUE	36203759	G	A	intergenic	RN7SL131P;THRAP3	dist:11589;dist:20673	.	.	NA
1	41437079	0.0662800331400166	0	1	0	0	1	3	71	60	TRUE	FALSE	41437079	C	T	intergenic	FOXO6;EDN2	dist:54401;dist:41696	.	.	NA
1	49911158	0.219607843137255	0.421052631578947	0.999	0	0.001	0.999	3	75	60	TRUE	FALSE	49911158	G	C	intronic	AGBL4	.	.	.	NA
1	51196679	1	1	1	1	0	0	1	132	124	TRUE	TRUE	51196679	T	TTC	ncRNA_exonic	LINC01562	.	.	.	NA
1	53040380	0.919117647058824	0.789473684210526	0.943	0.943	0.057	0	Uncertain	64	64	TRUE	Uncertain	53040380	C	G	intronic	SCP2	.	.	.	NA
1	53625468	0.994200497100249	0.85348506401138	0.993	0.993	0.007	0	1	71	74	TRUE	TRUE	53625468	G	A	intronic	GLIS1	.	.	.	NA
1	54159330	0.132560066280033	0.0701754385964912	1	0	0	1	3	71	60	TRUE	FALSE	54159330	A	C	intronic	AL357673.1	.	.	.	NA
1	59179979	0.862745098039216	1	1	1	0	0	1	60	75	TRUE	TRUE	59179979	G	A	ncRNA_intronic	AC093425.1;LINC01358	.	.	.	NA
1	68644243	0.526315789473684	0.245614035087719	0.922	0	0.078	0.922	Uncertain	76	60	TRUE	FALSE	68644243	A	C	intergenic	AL035412.1;AL033530.1	dist:3818;dist:34959	.	.	NA
1	70078830	0.127186009538951	0.067911714770798	1	0	0	1	3	74	62	TRUE	FALSE	70078830	A	G	intronic	LRRC7	.	.	.	NA
1	72893199	0.24132730015083	0.25518341307815	1	0	0	1	3	78	66	TRUE	FALSE	72893199	G	T	ncRNA_intronic	AL583808.1	.	.	.	NA
1	77790476	1	0.823798627002288	0.992	0.992	0.008	0	1	70	69	TRUE	TRUE	77790476	C	G	intronic	MIGA1	.	.	.	NA
1	78739907	0.032232070910556	0.0842105263157895	1	0	0	1	3	73	75	TRUE	FALSE	78739907	G	A	intergenic	IFI44;ADGRL4	dist:75834;dist:149857	.	.	NA
1	78907172	0.158982511923688	0.221606648199446	1	0	0	1	3	74	76	TRUE	FALSE	78907172	C	T	intronic	ADGRL4	.	.	.	NA
1	83251744	0.110726643598616	0.0334168755221387	1	0	0	1	3	85	63	TRUE	FALSE	83251744	T	C	intergenic	LINC01362;AC116099.1	dist:84929;dist:145811	.	.	NA
1	83251758	0.116194625998548	0.033955857385399	1	0	0	1	3	81	62	TRUE	FALSE	83251758	C	T	intergenic	LINC01362;AC116099.1	dist:84943;dist:145797	.	.	NA
1	94405635	0.245829675153644	0.0889547813194959	1	0	0	1	3	67	71	TRUE	FALSE	94405635	T	C	ncRNA_intronic	ARHGAP29-AS1	.	.	.	NA
1	95551995	0.123839009287926	0.061022120518688	1	0	0	1	3	76	69	TRUE	FALSE	95551995	A	T	ncRNA_intronic	LINC02607	.	.	.	NA
1	98588882	0.114777618364419	0.129554655870445	1	0	0	1	3	82	65	TRUE	FALSE	98588882	C	T	intergenic	LINC01776;AC095031.1	dist:316224;dist:71506	.	.	NA
1	101262662	0.250980392156863	0.493421052631579	0.991	0	0.009	0.991	3	75	64	TRUE	FALSE	101262662	C	T	intergenic	S1PR1;LINC01307	dist:21144;dist:61175	.	.	NA
1	106412080	0.0580973129992738	0.0244798041615667	1	0	0	1	3	81	86	TRUE	FALSE	106412080	T	C	intergenic	AL355306.2;LINC01661	dist:287516;dist:406144	.	.	NA
1	110568920	0.309597523219814	0.210526315789474	1	0	0	1	3	76	60	TRUE	FALSE	110568920	G	A	intergenic	KCNA10;KCNA2	dist:49745;dist:24660	.	.	NA
1	113629744	0.19884009942005	0.284495021337127	1	0	0	1	3	71	74	TRUE	FALSE	113629744	C	G	intronic	MAGI3	.	.	.	NA
1	119293116	0.15180265654649	0.103537532355479	1	0	0	1	3	62	61	TRUE	FALSE	119293116	A	G	ncRNA_intronic	AL359915.1	.	.	.	NA
1	123411066	0.197726149283243	0.260983036102653	1	0	0	1	3	119	121	TRUE	FALSE	123411066	A	T	intergenic	LINC01691;NONE	dist:1830542;dist:NONE	.	.	NA
1	156992615	0.126502213788741	0.087719298245614	1	0	0	1	3	93	72	TRUE	FALSE	156992615	G	A	intronic	ARHGEF11	.	.	.	NA
1	157279423	0.828500414250207	0.691729323308271	0.503	0.503	0.496	0.001	Uncertain	71	70	TRUE	Uncertain	157279423	C	T	ncRNA_intronic	LINC02772	.	.	.	NA
1	159650399	0.213903743315508	0.177909562638992	1	0	0	1	3	66	71	TRUE	FALSE	159650399	G	A	intergenic	APCS;CRP	dist:61534;dist:61890	.	.	NA
1	161550165	0.117647058823529	0.154798761609907	1	0	0	1	3	80	68	TRUE	FALSE	161550165	T	G	ncRNA_intronic	AL590385.2	.	.	.	NA
1	161550184	0.168067226890756	0.239840106595603	1	0	0	1	3	84	79	TRUE	FALSE	161550184	G	C	ncRNA_intronic	AL590385.2	.	.	.	NA
1	162686211	0.311418685121107	0.200501253132832	1	0	0	1	3	68	63	TRUE	FALSE	162686211	A	T	intronic	DDR2	.	.	.	NA
1	163076185	0.962566844919786	0.982456140350877	1	1	0	0	1	88	60	TRUE	TRUE	163076185	A	G	UTR3	RGS4	ENST00000421743.6:c.*1625A>G;ENST00000367909.10:c.*1625A>G;ENST00000367908.8:c.*1794A>G	.	.	NA
1	163286000	0.367647058823529	0.0928792569659443	1	0	0	1	3	64	68	TRUE	FALSE	163286000	A	G	ncRNA_intronic	AL592435.1	.	.	.	NA
1	166643148	1	1	1	1	0	0	1	158	112	TRUE	TRUE	166643150	TTA	T	intergenic	LINC01675;POGK	dist:152842;dist:196307	.	.	NA
1	176752423	1	1	1	1	0	0	1	182	126	TRUE	TRUE	176752436	TATATTTATCATAA	T	intronic	PAPPA2	.	.	.	NA
1	181047599	0.0341005967604433	0.0690250215703192	1	0	0	1	3	69	61	TRUE	FALSE	181047599	A	T	intronic	MR1	.	.	.	NA
1	183429769	0.0904977375565611	0.135823429541596	1	0	0	1	3	78	62	TRUE	FALSE	183429769	C	A	intergenic	NMNAT2;SMG7-AS1	dist:11389;dist:31105	.	.	NA
1	184166383	0.173010380622837	0.237212750185322	1	0	0	1	3	68	71	TRUE	FALSE	184166383	T	C	intergenic	AL158011.2;AL158011.1	dist:16731;dist:5331	.	.	NA
1	186705388	1	1	1	1	0	0	1	136	146	TRUE	TRUE	186705389	CA	C	intergenic	PACERR;PLA2G4A	dist:23943;dist:123560	.	.	NA
1	186705393	0.175592625109745	0.0956937799043062	1	0	0	1	3	67	66	TRUE	FALSE	186705393	G	T	intergenic	PACERR;PLA2G4A	dist:23947;dist:123556	.	.	NA
1	188175626	0.055363321799308	0.0668337510442774	1	0	0	1	3	85	63	TRUE	FALSE	188175626	A	T	intergenic	RN7SKP156;AL596211.1	dist:19446;dist:42774	.	.	NA
1	190184531	0.119136262099777	0.159489633173844	1	0	0	1	3	79	66	TRUE	FALSE	190184531	T	C	intronic	BRINP3	.	.	.	NA
1	190257955	1	1	1	1	0	0	1	196	134	TRUE	TRUE	190257956	GA	G	intronic	BRINP3	.	.	.	NA
1	195192330	1	0.942655145326002	1	1	0	0	1	75	67	TRUE	TRUE	195192330	T	C	intergenic	AL353072.2;AL353709.1	dist:261020;dist:554836	.	.	NA
1	195568210	0.261437908496732	0.200501253132832	1	0	0	1	3	63	63	TRUE	FALSE	195568210	A	C	intergenic	AL353072.2;AL353709.1	dist:636900;dist:178956	.	.	NA
1	196880501	1	1	1	1	0	0	1	75	67	TRUE	TRUE	196880501	G	A	intergenic	CFHR1;CFHR4	dist:48312;dist:7513	.	.	NA
1	200544024	0	0	1	0	0	1	3	66	65	TRUE	FALSE	200544024	T	A	intergenic	AL359834.1;KIF14	dist:60420;dist:7473	.	.	NA
1	201059957	0.055363321799308	0.0690250215703192	1	0	0	1	3	85	61	TRUE	FALSE	201059957	T	A	intronic	CACNA1S	.	.	.	NA
1	201984841	0.136402387041773	0.0334168755221387	1	0	0	1	3	69	63	TRUE	FALSE	201984841	T	C	intronic	RNPEP	.	.	.	NA
1	202092981	1	1	1	1	0	0	1	156	122	TRUE	TRUE	202092981	G	GT	intergenic	AL691482.1;GPR37L1	dist:22038;dist:29936	.	.	NA
1	202291792	0.270453008789723	0.355434039644566	0.997	0	0.003	0.997	3	87	77	TRUE	FALSE	202291792	A	G	intronic	LGR6	.	.	.	NA
1	205113692	0.41522491349481	0.33955857385399	0.948	0	0.052	0.948	Uncertain	68	62	TRUE	FALSE	205113692	T	C	intronic	RBBP5	.	.	.	NA
1	207725755	1	0.720980533525595	0.95	0.95	0.05	0	1	61	73	TRUE	TRUE	207725755	C	T	intergenic	CR1L;CD46	dist:2052;dist:26302	.	.	NA
1	211111328	0.882352941176471	1	0.999	0.999	0.001	0	1	72	67	TRUE	TRUE	211111328	C	T	intronic	AC092017.3;AL590132.1\x3bKCNH1	.	.	.	NA
2	2663948	0.0619195046439628	0.106595602931379	1	0	0	1	3	76	79	TRUE	FALSE	2663948	G	A	ncRNA_intronic	AC018685.2	.	.	.	NA
2	2952655	1	1	1	1	0	0	1	160	134	TRUE	TRUE	2952655	C	CAG	ncRNA_intronic	LINC01250	.	.	.	NA
2	6183535	0.0336134453781513	0.144196106705119	1	0	0	1	3	70	73	TRUE	FALSE	6183535	C	T	intergenic	SILC1;AC017053.1	dist:180025;dist:74813	.	.	NA
2	11483818	0.607210626185958	0.759275237273512	0.739	0.255	0.739	0.006	Uncertain	62	61	TRUE	Uncertain	11483818	T	A	intergenic	E2F6;GREB1	dist:17641;dist:50227	.	.	NA
2	11909896	0.0566973777462792	0.0350877192982456	1	0	0	1	3	83	60	TRUE	FALSE	11909896	C	T	intergenic	MIR3681HG;MIR3681HG	dist:43612;dist:97232	.	.	NA
2	12859183	1	0.98471986417657	1	1	0	0	1	74	62	TRUE	TRUE	12859183	C	G	ncRNA_intronic	AC064875.1	.	.	.	NA
2	14241420	0.103806228373702	0.0314218381775334	1	0	0	1	3	68	67	TRUE	FALSE	14241420	A	G	ncRNA_intronic	LINC00276	.	.	.	NA
2	15723517	0.373482726423903	0.266864343958488	0.997	0	0.003	0.997	3	63	71	TRUE	FALSE	15723517	T	G	intergenic	LINC01804;AC113608.2	dist:4556;dist:78230	.	.	NA
2	16234599	0.0941176470588235	0.0296515937731653	1	0	0	1	3	75	71	TRUE	FALSE	16234599	G	A	ncRNA_intronic	AC010745.2	.	.	.	NA
2	17740857	1	1	1	1	0	0	1	120	120	TRUE	TRUE	17740857	C	CA	intronic	SMC6	.	.	.	NA
2	18322599	0.100840336134454	0.061022120518688	1	0	0	1	3	70	69	TRUE	FALSE	18322599	T	C	intergenic	AC079802.1;AC079148.3	dist:281866;dist:81368	.	.	NA
2	18907126	0.173010380622837	0.167084377610693	1	0	0	1	3	68	63	TRUE	FALSE	18907126	A	T	intergenic	AC106053.1;AC130814.1	dist:119374;dist:32571	.	.	NA
2	19621978	0.0980392156862745	0.0568990042674253	1	0	0	1	3	72	74	TRUE	FALSE	19621978	C	T	intergenic	LINC01808;AC019055.1	dist:101883;dist:89737	.	.	NA
2	20899512	0.261437908496732	0.330827067669173	0.999	0	0.001	0.999	3	81	70	TRUE	FALSE	20899512	C	T	intergenic	LINC02850;AC115619.1	dist:37851;dist:99801	.	.	NA
2	26665398	0.0980392156862745	0.0554016620498615	1	0	0	1	3	72	76	TRUE	FALSE	26665398	C	T	intergenic	CIB4;AC015977.2	dist:24032;dist:5856	.	.	NA
2	28062574	0.245829675153644	0.100250626566416	1	0	0	1	3	67	63	TRUE	FALSE	28062574	C	A	intronic	BABAM2	.	.	.	NA
2	28780089	0.0682011935208866	0.135823429541596	1	0	0	1	3	69	62	TRUE	FALSE	28780089	T	C	intronic	PPP1CB	.	.	.	NA
2	29354774	0.095389507154213	0.105263157894737	1	0	0	1	3	74	60	TRUE	FALSE	29354774	T	C	intronic	ALK	.	.	.	NA
2	33874348	1	1	1	1	0	0	1	62	70	TRUE	TRUE	33874348	G	A	ncRNA_intronic	LINC01320	.	.	.	NA
2	34530612	0.136402387041773	0	1	0	0	1	3	69	66	TRUE	FALSE	34530612	G	A	ncRNA_intronic	LINC01320	.	.	.	NA
2	35123508	0.971867007672634	0.822746521476104	0.988	0.988	0.012	0	1	92	87	TRUE	TRUE	35123508	A	C	ncRNA_intronic	AC012593.1	.	.	.	NA
2	40463855	0.265120132560066	0.120300751879699	1	0	0	1	3	71	70	TRUE	FALSE	40463855	C	T	intronic	SLC8A1	.	.	.	NA
2	43770069	0.339869281045752	0	1	0	0	1	3	90	69	TRUE	FALSE	43770069	G	T	intergenic	PLEKHH2;RN7SKP66	dist:2082;dist:2051	.	.	NA
2	47084545	0.0662800331400166	0.0323886639676113	1	0	0	1	3	71	65	TRUE	FALSE	47084545	G	A	intronic	AC073283.3	.	.	.	NA
2	47084557	0.071301247771836	0.0593031875463306	1	0	0	1	3	66	71	TRUE	FALSE	47084557	C	A	intronic	AC073283.3	.	.	.	NA
2	48314912	0.445820433436533	0.175438596491228	0.998	0	0.002	0.998	3	95	72	TRUE	FALSE	48314912	C	G	intronic	FOXN2	.	.	.	NA
2	49109792	0.198440822111977	0	1	0	0	1	3	83	64	TRUE	FALSE	49109792	T	A	ncRNA_intronic	AC009975.1	.	.	.	NA
2	49351983	0.130718954248366	0.0601503759398496	1	0	0	1	3	72	70	TRUE	FALSE	49351983	T	C	ncRNA_intronic	AC009975.1;AC009975.2	.	.	.	NA
2	52112721	0.0720288115246098	0.0986842105263158	1	0	0	1	3	98	64	TRUE	FALSE	52112721	A	C	ncRNA_intronic	AC007402.1	.	.	.	NA
2	52351590	1	1	1	1	0	0	1	102	132	TRUE	TRUE	52351591	TG	T	ncRNA_intronic	AC007402.1	.	.	.	NA
2	53648844	0.127186009538951	0.0334168755221387	1	0	0	1	3	74	63	TRUE	FALSE	53648844	C	T	intergenic	RNU6-997P;ASB3	dist:78364;dist:21136	.	.	NA
2	55954022	0.0682011935208866	0.0690250215703192	1	0	0	1	3	69	61	TRUE	FALSE	55954022	G	T	ncRNA_intronic	AC011306.1	.	.	.	NA
2	56060948	0.470588235294118	0.169779286926995	0.999	0	0.001	0.999	3	70	62	TRUE	FALSE	56060948	A	G	ncRNA_intronic	AC011306.1	.	.	.	NA
2	72999103	0.0528750826173166	0.100250626566416	1	0	0	1	3	89	63	TRUE	FALSE	72999103	T	C	intronic	SFXN5	.	.	.	NA
2	75012400	0.948200175592625	0.861244019138756	0.991	0.991	0.009	0	1	67	66	TRUE	TRUE	75012400	G	A	intergenic	POLE4;TACR1	dist:42272;dist:34063	.	.	NA
2	79658929	0.228758169934641	0.310612597066437	1	0	0	1	3	72	61	TRUE	FALSE	79658929	A	G	intronic	CTNNA2	.	.	.	NA
2	80684109	0.48780487804878	0.475382003395586	0.634	0	0.634	0.366	Uncertain	82	62	TRUE	FALSE	80684109	G	T	intergenic	CTNNA2;AC012355.1	dist:35248;dist:15279	.	.	NA
2	89978948	1	1	1	1	0	0	1	77	61	TRUE	TRUE	89978948	C	T	intergenic	IGKV2D-28;IGKV2D-26	dist:18194;dist:6974	.	.	NA
2	90379089	0	0	1	0	0	1	3	60	76	TRUE	FALSE	90379089	C	G	intergenic	AC233263.6;AC233266.2	dist:11390;dist:1201247	.	.	NA
2	91475205	0.198440822111977	0.25518341307815	1	0	0	1	3	166	132	TRUE	FALSE	91475205	C	T	intergenic	AC233263.6;AC233266.2	dist:1107506;dist:105131	.	.	NA
2	91478295	0.017825311942959	0	1	0	0	1	3	132	88	TRUE	FALSE	91478295	T	G	intergenic	AC233263.6;AC233266.2	dist:1110596;dist:102041	.	.	NA
2	91516572	0.103806228373702	0.155945419103314	1	0	0	1	3	68	81	TRUE	FALSE	91516572	C	A	intergenic	AC233263.6;AC233266.2	dist:1148873;dist:63764	.	.	NA
2	91911534	0.0517129928894635	0	1	0	0	1	3	91	73	TRUE	FALSE	91911534	G	A	intergenic	AC027612.5;NONE	dist:143833;dist:NONE	.	.	NA
2	91933460	0.110294117647059	0	1	0	0	1	3	64	63	TRUE	FALSE	91933460	G	T	intergenic	AC027612.5;NONE	dist:165759;dist:NONE	.	.	NA
2	92069596	0.0746965452847806	0.0323886639676113	1	0	0	1	3	63	65	TRUE	FALSE	92069596	T	C	intergenic	AC027612.5;NONE	dist:301895;dist:NONE	.	.	NA
2	94243679	0.0155823918971562	0.0568990042674253	1	0	0	1	3	151	111	TRUE	FALSE	94243679	A	T	intergenic	NONE;AL845331.2	dist:NONE;dist:344843	.	.	NA
2	94851508	0.13840830449827	0.0831024930747922	1	0	0	1	3	68	76	TRUE	FALSE	94851508	G	A	intergenic	RNU6-1320P;TEKT4	dist:4869;dist:19922	.	.	NA
2	95977458	0.0619195046439628	0.138050043140638	1	0	0	1	3	76	61	TRUE	FALSE	95977458	G	A	intronic	ANKRD36C	.	.	.	NA
2	95977896	0	0.129554655870445	1	0	0	1	3	65	65	TRUE	FALSE	95977896	T	C	intronic	ANKRD36C	.	.	.	NA
2	96063381	0.0452488687782805	0.155124653739612	1	0	0	1	3	104	95	TRUE	FALSE	96063381	T	C	intergenic	GPAT2;ADRA2B	dist:27407;dist:49495	.	.	NA
2	97142107	0.189075630252101	0.0397219463753724	1	0	0	1	3	112	106	TRUE	FALSE	97142107	A	G	intronic	ANKRD36	.	.	.	NA
2	104694906	0.550038197097021	0.409356725146199	0.725	0	0.725	0.275	Uncertain	77	72	TRUE	FALSE	104694906	T	C	ncRNA_intronic	AC068057.4	.	.	.	NA
2	104898453	0.227703984819734	0.414150129421915	1	0	0	1	3	93	61	TRUE	FALSE	104898453	A	G	ncRNA_intronic	AC018730.1	.	.	.	NA
2	106272979	0.0336134453781513	0.167084377610693	1	0	0	1	3	70	63	TRUE	FALSE	106272979	A	G	intergenic	UXS1;RGPD3	dist:78640;dist:118311	.	.	NA
2	112289328	0.27359781121751	0.150375939849624	1	0	0	1	3	86	70	TRUE	FALSE	112289328	T	C	intronic	ZC3H6	.	.	.	NA
2	113512507	0.10230179028133	0.0309597523219814	1	0	0	1	3	69	68	TRUE	FALSE	113512507	T	C	ncRNA_exonic	LINC01961	.	.	.	NA
2	114723380	0.948200175592625	1	0.999	0.999	0.001	0	1	67	65	TRUE	TRUE	114723380	G	T	intronic	DPP10	.	.	.	NA
2	116105175	0.916730328495034	0.962406015037594	0.999	0.999	0.001	0	1	77	70	TRUE	TRUE	116105175	G	C	intergenic	AC016721.1;RNU7-190P	dist:164884;dist:1034540	.	.	NA
2	117889250	1	1	1	1	0	0	1	132	108	TRUE	TRUE	117889251	AT	A	intergenic	AC009404.1;CCDC93	dist:47593;dist:26227	.	.	NA
2	118724359	0.185758513931889	0.203735144312394	1	0	0	1	3	76	62	TRUE	FALSE	118724359	T	C	intergenic	THORLNC;LINC01956	dist:502109;dist:42606	.	.	NA
2	121568963	0.928792569659443	1	1	1	0	0	1	76	66	TRUE	TRUE	121568963	A	G	intronic	CLASP1	.	.	.	NA
2	121643291	0.425230333097094	0.161943319838057	0.999	0	0.001	0.999	3	83	65	TRUE	FALSE	121643291	T	A	intronic	CLASP1	.	.	.	NA
2	126110311	0.855614973262032	1	0.998	0.998	0.002	0	1	66	61	TRUE	TRUE	126110311	C	T	ncRNA_splicing	LINC01941	ENST00000659902.1:exon3:c.213-1G>A;ENST00000455174.2:exon4:c.413-1G>A	.	.	NA
2	130014640	1	1	1	1	0	0	1	74	63	TRUE	TRUE	130014640	T	A	ncRNA_intronic	AC079776.4	.	.	.	NA
2	130848806	0.178704393149665	0.260444926749864	1	0	0	1	3	79	97	TRUE	FALSE	130848806	G	C	intronic	ARHGEF4	.	.	.	NA
2	132025181	0.0470588235294118	0.0263157894736842	1	0	0	1	3	100	80	TRUE	FALSE	132025181	G	A	intergenic	AC093787.2;ANKRD30BL	dist:8181;dist:122726	.	.	NA
2	135795047	0.361990950226244	0.48582995951417	0.872	0	0.128	0.872	Uncertain	78	65	TRUE	FALSE	135795047	A	G	intronic	LCT	.	.	.	NA
2	144652715	0.112044817927171	0.133667502088555	1	0	0	1	3	63	63	TRUE	FALSE	144652715	A	T	intergenic	LINC01412;TEX41	dist:73281;dist:13597	.	.	NA
2	144654683	1	1	1	1	0	0	1	146	100	TRUE	TRUE	144654684	AT	A	intergenic	LINC01412;TEX41	dist:75250;dist:11628	.	.	NA
2	148546627	0.0264375413086583	0.23071377072819	1	0	0	1	3	89	73	TRUE	FALSE	148546627	C	T	intergenic	MBD5;EPC2	dist:29656;dist:98124	.	.	NA
2	151064819	1	1	1	1	0	0	1	158	130	TRUE	TRUE	151064820	AT	A	intergenic	AC023469.1;AC018731.1	dist:16046;dist:49991	.	.	NA
2	167104250	0.235294117647059	0.061022120518688	1	0	0	1	3	60	69	TRUE	FALSE	167104250	A	G	intronic	XIRP2	.	.	.	NA
2	167396540	0.142602495543672	0.0309597523219814	1	0	0	1	3	66	68	TRUE	FALSE	167396540	G	A	ncRNA_intronic	AC073050.1	.	.	.	NA
2	178334254	0.127186009538951	0.0273410799726589	1	0	0	1	3	74	77	TRUE	FALSE	178334254	G	A	intronic	OSBPL6	.	.	.	NA
2	180392118	0.784313725490196	1	0.999	0.999	0.001	0	1	75	64	TRUE	TRUE	180392118	G	T	intergenic	CWC22;AC009478.1	dist:384821;dist:179594	.	.	NA
2	180915024	0.071301247771836	0.207561156412157	1	0	0	1	3	66	71	TRUE	FALSE	180915024	T	C	ncRNA_intronic	SCHLAP1	.	.	.	NA
2	184281168	0.130718954248366	0	1	0	0	1	3	72	63	TRUE	FALSE	184281168	C	A	ncRNA_intronic	AC020584.1	.	.	.	NA
2	190292403	0.0294117647058824	0.0865176640230714	1	0	0	1	3	80	73	TRUE	FALSE	190292403	C	G	intronic	HIBCH	.	.	.	NA
2	190317418	0.896358543417367	0.823798627002288	0.97	0.97	0.03	0	1	84	69	TRUE	TRUE	190317418	T	C	intronic	HIBCH	.	.	.	NA
2	191620033	0.555555555555556	0.350877192982456	0.533	0	0.533	0.467	Uncertain	72	60	TRUE	FALSE	191620033	T	G	intergenic	MYO1B;NABP1	dist:194644;dist:58103	.	.	NA
2	195065916	1	1	1	1	0	0	1	64	60	TRUE	TRUE	195065916	C	T	intergenic	AC010983.1;AC104823.1	dist:39546;dist:382616	.	.	NA
2	196934506	0.225624496373892	0	1	0	0	1	3	73	80	TRUE	FALSE	196934506	T	C	intergenic	PGAP1;ANKRD44	dist:6711;dist:52156	.	.	NA
2	214521749	0.371517027863777	0.097165991902834	1	0	0	1	3	76	65	TRUE	FALSE	214521749	A	G	ncRNA_intronic	AC068051.1;VWC2L-IT1	.	.	.	NA
2	220012335	0.26890756302521	0.180451127819549	1	0	0	1	3	70	70	TRUE	FALSE	220012335	G	A	intergenic	AC008281.1;AC019211.1	dist:99501;dist:93321	.	.	NA
2	224440150	0.868778280542986	1	0.998	0.998	0.002	0	1	65	62	TRUE	TRUE	224440150	A	G	intergenic	FAM124B;AC073052.2	dist:38043;dist:27653	.	.	NA
2	224695697	0	0.127591706539075	1	0	0	1	3	63	66	TRUE	FALSE	224695697	A	G	intergenic	CUL3;CCDC195	dist:110300;dist:8067	.	.	NA
2	224863517	0.125490196078431	0.0779727095516569	1	0	0	1	3	75	81	TRUE	FALSE	224863517	A	T	intronic	DOCK10	.	.	.	NA
3	4927800	0.111200644641418	0.0989787902592302	1	0	0	1	3	73	67	TRUE	FALSE	4927800	T	A	ncRNA_intronic	BHLHE40-AS1	.	.	.	NA
3	5837419	0.127980922098569	0.173684210526316	1	0	0	1	3	74	70	TRUE	FALSE	5837419	T	C	intergenic	AC026202.1;AC087857.1	dist:580658;dist:125423	.	.	NA
3	6007616	0.109108159392789	0.142614601018676	1	0	0	1	3	62	62	TRUE	FALSE	6007616	C	A	ncRNA_intronic	AC087857.1	.	.	.	NA
3	10547229	0.0668119099491648	0.030281182408075	1	0	0	1	3	81	73	TRUE	FALSE	10547229	G	A	intronic	ATP2B2	.	.	.	NA
3	11904698	0.468325791855204	0.528604118993135	0.674	0	0.674	0.326	Uncertain	78	69	TRUE	FALSE	11904698	C	T	intergenic	TAMM41;RN7SL147P	dist:57779;dist:48090	.	.	NA
3	14479812	0.0431789737171464	0.0404364569961489	1	0	0	1	3	94	82	TRUE	FALSE	14479812	C	T	intronic	SLC6A6	.	.	.	NA
3	14502505	0.127980922098569	0.113777089783282	1	0	0	1	3	74	68	TRUE	FALSE	14502505	G	A	intronic	GRIP2	.	.	.	NA
3	19510001	0.175086505190311	0.142614601018676	1	0	0	1	3	85	62	TRUE	FALSE	19510001	G	A	ncRNA_intronic	AC061958.1	.	.	.	NA
3	20244341	0.618487394957983	0.438854489164087	0.932	0	0.932	0.068	Uncertain	70	68	TRUE	FALSE	20244341	G	A	ncRNA_intronic	SGO1-AS1	.	.	.	NA
3	21412314	0.201112877583466	0.168859649122807	1	0	0	1	3	74	72	TRUE	FALSE	21412314	A	T	UTR3	ZNF385D	ENST00000281523.8:c.*8900T>A	.	.	NA
3	35165253	0.676470588235294	0.552631578947368	1	0	1	0	2	118	108	TRUE	FALSE	35165253	C	CTG	intergenic	AC007483.1;RNU6-243P	dist:471079;dist:91587	.	.	NA
3	37438927	0.552609776304888	0.455108359133127	0.833	0	0.833	0.167	Uncertain	71	85	TRUE	FALSE	37438927	A	G	ncRNA_intronic	C3orf35	.	.	.	NA
3	37600956	0.0329985652797704	0.0736842105263158	1	0	0	1	3	82	75	TRUE	FALSE	37600956	A	T	intronic	ITGA9	.	.	.	NA
3	38334236	0.0375816993464052	0.146284829721362	1	0	0	1	3	72	68	TRUE	FALSE	38334236	A	G	intergenic	SLC22A14;XYLB	dist:15661;dist:12524	.	.	NA
3	44239865	0.0548489666136725	0.055962691538974	1	0	0	1	3	74	79	TRUE	FALSE	44239865	T	A	intergenic	AC006058.1;TOPAZ1	dist:117500;dist:2021	.	.	NA
3	44777419	0.222124670763828	0.0454217736121125	1	0	0	1	3	67	73	TRUE	FALSE	44777419	T	G	intronic	KIF15	.	.	.	NA
3	48304975	0.676470588235294	0.552631578947368	0.999	0.001	0.999	0	2	112	130	TRUE	FALSE	48304981	AAAATTT	A	intergenic	NME6;SPINK8	dist:3291;dist:1861	.	.	NA
3	81793538	0.676470588235294	0.552631578947368	0.998	0	0.998	0.002	2	96	62	TRUE	FALSE	81793539	GT	G	intergenic	AC017015.2;AC129807.1	dist:28783;dist:47001	.	.	NA
3	108439205	0.676470588235294	0.552631578947368	1	0	1	0	2	92	64	TRUE	FALSE	108439205	T	TAA	intronic	MYH15	.	.	.	NA
3	130303608	0.676470588235294	0.552631578947368	0.998	0	0.998	0.002	2	72	60	TRUE	FALSE	130303608	T	TCTC	intergenic	LINC02021;COL6A5	dist:102272;dist:41908	.	.	NA
3	157955813	0.676470588235294	0.552631578947368	1	0	1	0	2	108	62	TRUE	FALSE	157955813	T	TA	ncRNA_intronic	AC079943.2	.	.	.	NA
3	162665586	0.676470588235294	0.552631578947368	0.998	0.001	0.998	0.001	2	100	66	TRUE	FALSE	162665586	G	GA	intergenic	AC131211.1;AC128685.1	dist:843678;dist:360810	.	.	NA
4	21584	0.164705882352941	0.210526315789474	1	0	0	1	3	100	90	TRUE	FALSE	21584	C	T	intergenic	NONE;ZNF595	dist:NONE;dist:31702	.	.	NA
4	611577	1	1	1	1	0	0	1	140	96	TRUE	TRUE	611577	G	GCA	intergenic	AC116565.1;PDE6B	dist:26584;dist:14007	.	.	NA
4	880269	0.0603318250377074	0.103537532355479	1	0	0	1	3	78	61	TRUE	FALSE	880269	T	C	intronic	GAK	.	.	.	NA
4	1795400	0.672268907563025	1	0.987	0.987	0.013	0	1	70	73	TRUE	TRUE	1795400	C	A	intronic	FGFR3	.	.	.	NA
4	1983066	0.573888091822095	0.138050043140638	0.995	0	0.005	0.995	3	82	61	TRUE	FALSE	1983066	A	G	UTR3	NELFA	ENST00000542778.5:c.*253T>C;ENST00000382882.9:c.*253T>C	.	.	NA
4	4304382	1	1	1	1	0	0	1	138	106	TRUE	TRUE	4304383	AT	A	intronic	ZBTB49	.	.	.	NA
4	5556303	0.10230179028133	0.0619195046439628	1	0	0	1	3	69	68	TRUE	FALSE	5556303	C	T	intergenic	LINC01587;EVC2	dist:28503;dist:6136	.	.	NA
4	8714126	1	1	1	1	0	0	1	136	150	TRUE	TRUE	8714139	CATAAATGTTATAA	C	intergenic	CPZ;AC209005.1	dist:94368;dist:31252	.	.	NA
4	15158858	0.095389507154213	0.0637958532695375	1	0	0	1	3	74	66	TRUE	FALSE	15158858	T	G	ncRNA_intronic	C1QTNF7-AS1	.	.	.	NA
4	22792360	1	1	1	1	0	0	1	79	63	TRUE	TRUE	22792360	T	C	intronic	GBA3	.	.	.	NA
4	24245938	0.065359477124183	0.0690250215703192	1	0	0	1	3	72	61	TRUE	FALSE	24245938	C	T	intergenic	PPARGC1A;MIR573	dist:355861;dist:274254	.	.	NA
4	27489151	0.847058823529412	1	0.997	0.997	0.003	0	1	75	61	TRUE	TRUE	27489151	A	G	intergenic	LINC02261;AC007106.2	dist:206926;dist:428602	.	.	NA
4	31373127	0.077145612343298	0.421052631578947	1	0	0	1	3	61	65	TRUE	FALSE	31373127	T	C	intergenic	AC104071.1;LINC02501	dist:21402;dist:133307	.	.	NA
4	31640802	0.108181203515889	0.245614035087719	1	0	0	1	3	87	60	TRUE	FALSE	31640802	T	A	intergenic	LINC02501;LINC02506	dist:81971;dist:356577	.	.	NA
4	31699528	0.0672268907563025	0.105263157894737	1	0	0	1	3	70	60	TRUE	FALSE	31699528	C	T	intergenic	LINC02501;LINC02506	dist:140697;dist:297851	.	.	NA
4	32230999	0.249554367201426	0.401002506265664	0.999	0	0.001	0.999	3	66	63	TRUE	FALSE	32230999	A	C	intergenic	LINC02506;LINC02353	dist:2456;dist:120039	.	.	NA
4	35339230	1	1	1	1	0	0	1	80	60	TRUE	TRUE	35339230	T	TTATATATATATA	intergenic	AC020589.1;RNU6-573P	dist:372886;dist:156668	.	.	NA
4	35880429	1	1	1	1	0	0	1	62	64	TRUE	TRUE	35880429	C	T	intergenic	RNU6-573P;ARAP2	dist:384426;dist:185575	.	.	NA
4	36920365	1	1	1	1	0	0	1	158	136	TRUE	TRUE	36920365	G	GT	intergenic	AC093746.1;LINC02616	dist:7026;dist:81441	.	.	NA
4	37251333	0.228758169934641	0.134952766531714	1	0	0	1	3	72	78	TRUE	FALSE	37251333	C	A	intronic	NWD2	.	.	.	NA
4	40098130	0.175920835623969	0.0628436763550668	1	0	0	1	3	107	67	TRUE	FALSE	40098130	A	G	intronic	N4BP2	.	.	.	NA
4	44965627	0.173374613003096	0.15255530129672	1	0	0	1	3	95	69	TRUE	FALSE	44965627	A	G	intergenic	GNPDA2;AC108467.1	dist:239057;dist:43913	.	.	NA
4	46434692	1	1	1	1	0	0	1	80	65	TRUE	TRUE	46434692	A	G	ncRNA_exonic	AC095060.1	.	.	.	NA
4	46736321	1	0.945842868039664	1	1	0	0	1	73	69	TRUE	TRUE	46736321	C	G	intronic	COX7B2	.	.	.	NA
4	49092433	0.561896400351185	0.564297341291373	0.96	0	0.96	0.04	2	134	97	TRUE	FALSE	49092433	C	T	intergenic	CWH43;AC118282.4	dist:30354;dist:137140	.	.	NA
4	49097563	0.10230179028133	0.0902255639097744	1	0	0	1	3	92	70	TRUE	FALSE	49097563	C	G	intergenic	CWH43;AC118282.4	dist:35484;dist:132010	.	.	NA
4	49103982	0.725490196078431	1	1	1	0	0	1	180	152	FALSE	TRUE	49103982	C	A	intergenic	CWH43;AC118282.4	dist:41903;dist:125591	.	.	NA
4	49103985	0.673281360737066	1	0.996	0.996	0.004	0	1	166	143	FALSE	TRUE	49103985	A	C	intergenic	CWH43;AC118282.4	dist:41906;dist:125588	.	.	NA
4	49502698	0.601915184678523	0.654338549075391	0.968	0.019	0.968	0.013	2	86	74	TRUE	FALSE	49502698	C	T	intergenic	AC118282.4;NONE	dist:271414;dist:NONE	.	.	NA
4	49579907	0.156862745098039	0.0429645542427497	1	0	0	1	3	135	147	TRUE	FALSE	49579907	T	A	intergenic	AC118282.4;NONE	dist:348623;dist:NONE	.	.	NA
4	49652368	0.0744013020227854	0.0412796697626419	1	0	0	1	3	253	204	TRUE	FALSE	49652368	C	A	intergenic	AC118282.4;NONE	dist:421084;dist:NONE	.	.	NA
4	49652370	0.113851992409867	0.0418957842367112	1	0	0	1	3	248	201	TRUE	FALSE	49652370	C	G	intergenic	AC118282.4;NONE	dist:421086;dist:NONE	.	.	NA
4	53383017	1	1	1	1	0	0	1	142	124	TRUE	TRUE	53383017	G	GT	intronic	AC058822.1;FIP1L1	.	.	.	NA
4	56120430	0.504201680672269	0.101867572156197	1	0	0	1	3	70	62	TRUE	FALSE	56120430	A	G	intergenic	CEP135;CRACD	dist:87069;dist:49765	.	.	NA
4	57441072	0.0635930047694754	0.204678362573099	1	0	0	1	3	74	72	TRUE	FALSE	57441072	G	A	ncRNA_intronic	LINC02380	.	.	.	NA
4	63521605	0.283486888731396	0.177909562638992	1	0	0	1	3	83	71	TRUE	FALSE	63521605	T	C	ncRNA_intronic	AC093730.1	.	.	.	NA
5	792553	0.0540906017579446	0.0421052631578947	1	0	0	1	3	87	100	TRUE	FALSE	792553	C	G	intergenic	ZDHHC11B;ZDHHC11	dist:7824;dist:3054	.	.	NA
5	2688754	1	0.906432748538012	1	1	0	0	1	93	72	TRUE	TRUE	2688754	G	T	intergenic	AC138982.1;LSINCT5	dist:503934;dist:23837	.	.	NA
5	3482653	0.105355575065847	0.173035328046143	1	0	0	1	3	67	73	TRUE	FALSE	3482653	T	G	ncRNA_intronic	LINC01019	.	.	.	NA
5	5043341	1	1	1	1	0	0	1	92	70	TRUE	TRUE	5043347	AAGAAAG	A	ncRNA_intronic	LINC01020	.	.	.	NA
5	8450634	0.176470588235294	0	1	0	0	1	3	80	61	TRUE	FALSE	8450634	A	G	ncRNA_intronic	AC091965.1;LINC02226	.	.	.	NA
5	10479762	1	1	1	1	0	0	1	140	132	TRUE	TRUE	10479763	TC	T	ncRNA_intronic	LINC01513	.	.	.	NA
5	20688734	1	0.976353928299008	1	1	0	0	1	75	69	TRUE	TRUE	20688734	A	G	ncRNA_intronic	LINC02241	.	.	.	NA
5	24274358	0.0904977375565611	0.0296515937731653	1	0	0	1	3	78	71	TRUE	FALSE	24274358	T	A	intergenic	AC114930.1;AC010387.1	dist:2495;dist:77951	.	.	NA
5	26531984	0.0860832137733142	0.355819125277984	1	0	0	1	3	82	71	TRUE	FALSE	26531984	T	C	intergenic	AC025475.2;AC113347.4	dist:47273;dist:179567	.	.	NA
5	27861624	0.19884009942005	0.194331983805668	1	0	0	1	3	71	65	TRUE	FALSE	27861624	C	T	intergenic	PURPL;LINC02103	dist:365219;dist:424340	.	.	NA
5	27925099	0.564705882352941	0.245614035087719	0.867	0	0.133	0.867	Uncertain	75	60	TRUE	FALSE	27925099	G	A	intergenic	PURPL;LINC02103	dist:428694;dist:360865	.	.	NA
5	29060237	0.096696212731668	0.033955857385399	1	0	0	1	3	73	62	TRUE	FALSE	29060237	G	C	ncRNA_intronic	LINC02109	.	.	.	NA
5	33264281	1	1	1	1	0	0	1	74	61	TRUE	TRUE	33264281	A	T	ncRNA_intronic	AC010343.3;LINC02160	.	.	.	NA
5	34191896	0.110340714232461	0.102362876396827	1	0	0	1	3	789	617	TRUE	FALSE	34191896	C	T	intergenic	AC139792.1;AC138409.3	dist:33129;dist:53377	.	.	NA
5	34987021	0.784313725490196	0.623781676413255	0.883	0.116	0.883	0.001	Uncertain	78	81	TRUE	Uncertain	34987021	G	A	intergenic	DNAJC21;AGXT2	dist:28057;dist:11080	.	.	NA
5	44650734	0.0735294117647059	0.125687352710134	1	0	0	1	3	64	67	TRUE	FALSE	44650734	T	G	ncRNA_intronic	LINC02224	.	.	.	NA
5	51132343	0.30690537084399	0.148257968865827	1	0	0	1	3	69	71	TRUE	FALSE	51132343	G	A	intergenic	RNU6-480P;RNU6-1296P	dist:76884;dist:35198	.	.	NA
5	52121218	0.373482726423903	0.310612597066437	0.988	0	0.012	0.988	3	63	61	TRUE	FALSE	52121218	T	G	intergenic	LINC02118;AC022126.1	dist:40231;dist:551968	.	.	NA
5	52121220	0.170502983802217	0.245614035087719	1	0	0	1	3	69	60	TRUE	FALSE	52121220	G	T	intergenic	LINC02118;AC022126.1	dist:40233;dist:551966	.	.	NA
5	55867320	1	1	1	1	0	0	1	124	104	TRUE	TRUE	55867320	T	TGC	intronic	IL31RA	.	.	.	NA
5	58356680	0.0759013282732448	0.0628436763550668	1	0	0	1	3	62	67	TRUE	FALSE	58356680	C	T	intergenic	AC008786.1;PLK2	dist:210684;dist:97302	.	.	NA
5	62244810	0.123839009287926	0	1	0	0	1	3	76	66	TRUE	FALSE	62244810	C	A	intergenic	RN7SKP157;KIF2A	dist:97864;dist:61352	.	.	NA
5	62266315	1	1	1	1	0	0	1	122	72	TRUE	TRUE	62266315	T	TCACA	intergenic	RN7SKP157;KIF2A	dist:119369;dist:39847	.	.	NA
5	67259721	0.303605313092979	0.167084377610693	1	0	0	1	3	62	63	TRUE	FALSE	67259721	C	T	intergenic	CD180;AC010420.1	dist:62922;dist:8301	.	.	NA
5	77367164	0.132187706543291	0.115356885364095	1	0	0	1	3	89	73	TRUE	FALSE	77367164	C	G	intronic	AC022414.1;PDE8B	.	.	.	NA
5	78881808	0.30812324929972	0.030511060259344	1	0	0	1	3	84	69	TRUE	FALSE	78881808	G	A	intronic	ARSB	.	.	.	NA
5	79826027	1	1	1	1	0	0	1	124	138	TRUE	TRUE	79826031	AAGAG	A	intergenic	AC008496.2;AC008496.3	dist:9838;dist:14766	.	.	NA
5	79941666	0.361990950226244	0.167084377610693	1	0	0	1	3	78	63	TRUE	FALSE	79941666	A	G	ncRNA_intronic	LINC01455	.	.	.	NA
5	81026750	1	1	1	1	0	0	1	142	90	TRUE	TRUE	81026751	CG	C	intronic	RASGRF2	.	.	.	NA
5	82835774	0.168067226890756	0.0956937799043062	1	0	0	1	3	70	66	TRUE	FALSE	82835774	G	A	intergenic	AC008885.2;MIR3977	dist:69441;dist:4381	.	.	NA
5	84137188	0.0850460666194189	0.129554655870445	1	0	0	1	3	83	65	TRUE	FALSE	84137188	C	T	intronic	EDIL3	.	.	.	NA
5	85992957	0.331825037707391	0.287081339712919	0.997	0	0.003	0.997	3	78	66	TRUE	FALSE	85992957	A	C	intergenic	AC026414.1;AC020923.1	dist:143758;dist:312276	.	.	NA
5	86428273	0.0830449826989619	0.210526315789474	1	0	0	1	3	85	80	TRUE	FALSE	86428273	G	T	intergenic	AC016550.3;COX7C	dist:46847;dist:189668	.	.	NA
5	86835199	0.224089635854342	0.526315789473684	0.992	0	0.008	0.992	3	84	64	TRUE	FALSE	86835199	T	A	intergenic	AC008539.1;AC109492.1	dist:34919;dist:132122	.	.	NA
5	87249634	0.974789915966387	0.829346092503987	0.992	0.992	0.008	0	1	70	66	TRUE	TRUE	87249634	T	A	intergenic	AC008394.1;RASA1	dist:9844;dist:18249	.	.	NA
5	89822203	1	0.89732528041415	0.998	0.998	0.002	0	1	74	61	TRUE	TRUE	89822203	C	T	intergenic	LINC02161;AC113167.1	dist:144502;dist:78461	.	.	NA
5	98246462	1	1	0.999	0.999	0.001	0	1	76	60	TRUE	TRUE	98246462	A	G	intergenic	LINC01846;RGMB	dist:85110;dist:522833	.	.	NA
5	105557921	0.10230179028133	0.0956937799043062	1	0	0	1	3	69	66	TRUE	FALSE	105557921	A	G	intergenic	AC099520.1;AC114940.2	dist:164951;dist:988744	.	.	NA
5	107546651	1	1	1	1	0	0	1	144	106	TRUE	TRUE	107546651	A	AAC	intronic	EFNA5	.	.	.	NA
5	113364656	0	0	1	0	0	1	3	94	96	TRUE	FALSE	113364656	G	A	ncRNA_intronic	AC079465.1	.	.	.	NA
5	113364668	0	0	1	0	0	1	3	93	93	TRUE	FALSE	113364668	T	C	ncRNA_intronic	AC079465.1	.	.	.	NA
5	114573892	1	1	1	1	0	0	1	168	156	TRUE	TRUE	114573892	A	AT	ncRNA_intronic	AC010230.1	.	.	.	NA
5	116661187	1	0.935672514619883	1	1	0	0	1	83	81	TRUE	TRUE	116661187	C	T	intergenic	SEMA6A-AS2;LINC02214	dist:49989;dist:81804	.	.	NA
5	116806095	0.106951871657754	0.0928792569659443	1	0	0	1	3	66	68	TRUE	FALSE	116806095	T	C	intergenic	LINC02214;AC010267.1	dist:43886;dist:13125	.	.	NA
5	116859355	1	1	1	1	0	0	1	67	63	TRUE	TRUE	116859355	A	G	intergenic	AC010267.1;AC093534.2	dist:28985;dist:171845	.	.	NA
5	127623805	0.0392156862745098	0.140350877192982	1	0	0	1	3	60	60	TRUE	FALSE	127623805	A	G	intergenic	AC010424.3;CTXN3	dist:33095;dist:25239	.	.	NA
5	128320575	0	0.138050043140638	1	0	0	1	3	76	61	TRUE	FALSE	128320575	A	T	intronic	FBN2	.	.	.	NA
5	129618200	0.484429065743945	0.103537532355479	1	0	0	1	3	68	61	TRUE	FALSE	129618200	C	A	ncRNA_intronic	AC008591.1	.	.	.	NA
5	130265859	0.0682011935208866	0.0314218381775334	1	0	0	1	3	69	67	TRUE	FALSE	130265859	C	T	intergenic	CHSY3;RNU7-53P	dist:79225;dist:120762	.	.	NA
5	134230107	0.0373482726423903	0.0350877192982456	1	0	0	1	3	63	60	TRUE	FALSE	134230107	G	T	ncRNA_intronic	AC104109.4	.	.	.	NA
5	135474510	0.840336134453782	0.514619883040936	0.982	0.014	0.982	0.004	2	70	90	TRUE	FALSE	135474510	T	A	intergenic	AC022092.1;NEUROG1	dist:15813;dist:59772	.	.	NA
6	1465569	0.731319554848967	0.97165991902834	0.973	0.973	0.027	0	1	74	65	TRUE	TRUE	1465569	A	G	intergenic	FOXF2;RN7SL352P	dist:69966;dist:41753	.	.	NA
6	2412014	0.0682011935208866	0.129554655870445	1	0	0	1	3	69	65	TRUE	FALSE	2412014	T	A	ncRNA_intronic	GMDS-DT	.	.	.	NA
6	2900887	0.700280112044818	0.691280439905735	0.83	0.169	0.83	0.001	Uncertain	84	67	TRUE	Uncertain	2900887	A	T	intronic	SERPINB9	.	.	.	NA
6	4535799	0.0547195622435021	0.100250626566416	1	0	0	1	3	86	63	TRUE	FALSE	4535799	A	G	ncRNA_intronic	AL162718.1	.	.	.	NA
6	4706427	1	1	1	1	0	0	1	154	114	TRUE	TRUE	4706427	G	GT	intronic	CDYL	.	.	.	NA
6	5561960	0.096696212731668	0.067911714770798	1	0	0	1	3	73	62	TRUE	FALSE	5561960	T	C	intronic	FARS2	.	.	.	NA
6	5610306	1	1	1	1	0	0	1	134	102	TRUE	TRUE	5610307	CT	C	intronic	FARS2	.	.	.	NA
6	6708433	0.42483660130719	0.288392213410238	0.979	0	0.021	0.979	3	72	73	TRUE	FALSE	6708433	A	T	ncRNA_intronic	AL031123.1	.	.	.	NA
6	12388277	0.605042016806723	0.131578947368421	0.997	0	0.003	0.997	3	70	64	TRUE	FALSE	12388277	T	C	intergenic	EDN1;RN7SKP293	dist:91083;dist:18209	.	.	NA
6	12914409	0.956690368455074	0.828300258843831	0.978	0.978	0.022	0	1	91	61	TRUE	TRUE	12914409	T	A	intronic	PHACTR1	.	.	.	NA
6	18058460	1	1	1	1	0	0	1	83	70	TRUE	TRUE	18058460	A	T	intergenic	KIF13A;NHLRC1	dist:70825;dist:61980	.	.	NA
6	20194124	0.283486888731396	0.388663967611336	0.999	0	0.001	0.999	3	83	65	TRUE	FALSE	20194124	A	T	intronic	MBOAT1	.	.	.	NA
6	22698310	0.105355575065847	0.0902255639097744	1	0	0	1	3	67	70	TRUE	FALSE	22698310	A	C	intergenic	AL033539.2;AL035401.1	dist:22817;dist:46085	.	.	NA
6	23099419	0.35650623885918	0.345640219952867	0.979	0	0.021	0.979	3	66	67	TRUE	FALSE	23099419	T	C	intergenic	AL035401.1;RNU6-1060P	dist:67639;dist:25562	.	.	NA
6	23853750	0.283486888731396	0.050125313283208	1	0	0	1	3	83	84	TRUE	FALSE	23853750	G	A	intergenic	AL139231.1;NRSN1	dist:449618;dist:272436	.	.	NA
6	29690408	0.095068330362448	0	1	0	0	1	3	99	76	TRUE	FALSE	29690408	A	C	intergenic	ZFP57;HLA-F	dist:9298;dist:32367	.	.	NA
6	29703873	0.0573888091822095	0.0507292327203551	1	0	0	1	3	82	83	TRUE	FALSE	29703873	C	T	intergenic	ZFP57;HLA-F	dist:22763;dist:18902	.	.	NA
6	30464489	0.95068330362448	1	1	1	0	0	1	99	74	TRUE	TRUE	30464489	G	A	intergenic	AL662873.1;HLA-E	dist:8277;dist:25020	.	.	NA
6	31025846	0.0573888091822095	0.0601503759398496	1	0	0	1	3	82	70	TRUE	FALSE	31025846	A	G	exonic	MUC22	.	nonsynonymous SNV	MUC22:ENST00000561890.1:exon2:c.A415G:p.T139A;.	NA
6	31608873	0.0735294117647059	0.164473684210526	1	0	0	1	3	64	64	TRUE	FALSE	31608873	T	G	intergenic	NCR3;AIF1	dist:15867;dist:6361	.	.	NA
6	36840920	1	1	1	1	0	0	1	83	86	TRUE	TRUE	36840920	C	G	downstream	Z85996.3	dist:510	.	.	NA
6	40145195	0.417457305502846	0.0657894736842105	1	0	0	1	3	62	64	TRUE	FALSE	40145195	A	G	intergenic	MOCS1;AL139275.2	dist:210644;dist:126371	.	.	NA
6	41047330	0.974789915966387	0.861244019138756	0.99	0.99	0.01	0	1	70	66	TRUE	TRUE	41047330	G	A	intergenic	TSPO2;APOBEC2	dist:2993;dist:5974	.	.	NA
6	41939707	0.775086505190311	0.974076983503535	0.984	0.984	0.016	0	1	85	67	TRUE	TRUE	41939707	G	A	intronic	CCND3	.	.	.	NA
6	44020620	0.955882352941177	0.802005012531328	0.983	0.983	0.017	0	1	64	63	TRUE	TRUE	44020620	T	C	ncRNA_intronic	AL109615.3	.	.	.	NA
6	56999915	0.326797385620915	0.361842105263158	0.99	0	0.01	0.99	3	72	64	TRUE	FALSE	56999915	G	A	intronic	BEND6	.	.	.	NA
6	59034313	0.0672268907563025	0.0576784426820476	1	0	0	1	3	70	73	TRUE	FALSE	59034313	G	C	intergenic	AL445250.1;AL590227.1	dist:595949;dist:1688835	.	.	NA
6	60888613	0.0435729847494553	0.0668337510442774	1	0	0	1	3	108	63	TRUE	FALSE	60888613	T	C	ncRNA_intronic	AL512427.2	.	.	.	NA
6	63048566	0.0893521965748325	0.105263157894737	1	0	0	1	3	79	60	TRUE	FALSE	63048566	T	A	intergenic	KHDRBS2;FKBP1C	dist:762341;dist:162880	.	.	NA
6	64882869	0.190779014308426	0.0986842105263158	1	0	0	1	3	74	64	TRUE	FALSE	64882869	T	A	intronic	EYS	.	.	.	NA
6	65134331	0.055363321799308	0.0956937799043062	1	0	0	1	3	85	66	TRUE	FALSE	65134331	A	T	intronic	EYS	.	.	.	NA
6	66724368	0.913081650570676	0.902255639097744	0.991	0.991	0.009	0	1	67	63	TRUE	TRUE	66724368	G	T	intergenic	EYS;RNU7-66P	dist:1017142;dist:4475	.	.	NA
6	69606147	0.302521008403361	0.382775119617225	0.994	0	0.006	0.994	3	70	66	TRUE	FALSE	69606147	T	C	intergenic	ADGRB3;LMBRD1	dist:216641;dist:67863	.	.	NA
6	70403957	0.0928792569659443	0.0601503759398496	1	0	0	1	3	76	70	TRUE	FALSE	70403957	C	T	downstream	AL365226.1	dist:840	.	.	NA
6	71224912	1	1	1	1	0	0	1	148	128	TRUE	TRUE	71224912	G	GTA	ncRNA_intronic	AL589935.1	.	.	.	NA
6	71579343	0.607210626185958	0.123839009287926	0.997	0	0.003	0.997	3	62	68	TRUE	FALSE	71579343	C	A	intergenic	AL035467.2;RNU4-66P	dist:44628;dist:73131	.	.	NA
6	73228564	0.916730328495034	1	1	1	0	0	1	77	63	TRUE	TRUE	73228564	A	G	intronic	AL365232.1	.	.	.	NA
7	927279	0.0588235294117647	0.155945419103314	1	0	0	1	3	80	81	TRUE	FALSE	927279	G	A	intronic	ADAP1	.	.	.	NA
7	6357958	0.0802139037433155	0.296052631578947	1	0	0	1	3	88	64	TRUE	FALSE	6357958	A	G	intergenic	FAM220A;RAC1	dist:8991;dist:16569	.	.	NA
7	12944366	0.339599757428745	0.197368421052632	1	0	0	1	3	97	64	TRUE	FALSE	12944366	T	C	ncRNA_intronic	AC011287.1	.	.	.	NA
7	17921811	0.148920327624721	0.142247510668563	1	0	0	1	3	79	74	TRUE	FALSE	17921811	T	C	intronic	SNX13	.	.	.	NA
7	20258282	0.421422300263389	0.441426146010187	0.765	0	0.235	0.765	Uncertain	67	62	TRUE	FALSE	20258282	A	G	intergenic	AC005083.1;AC099342.1	dist:36590;dist:38355	.	.	NA
7	21184507	0.0850460666194189	0.199146514935989	1	0	0	1	3	83	74	TRUE	FALSE	21184507	A	G	intergenic	AC080068.1;RN7SL542P	dist:155694;dist:31030	.	.	NA
7	24105392	1	1	1	1	0	0	1	75	69	TRUE	TRUE	24105392	A	C	intergenic	AC003087.1;AC004485.1	dist:208057;dist:91270	.	.	NA
7	25549773	0.286168521462639	0.407470288624788	0.996	0	0.004	0.996	3	74	62	TRUE	FALSE	25549773	G	C	ncRNA_intronic	AC091705.1	.	.	.	NA
7	30629801	0.457516339869281	0.0657894736842105	1	0	0	1	3	72	64	TRUE	FALSE	30629801	C	A	intronic	GARS1	.	.	.	NA
7	36221108	0.235294117647059	0.245614035087719	1	0	0	1	3	80	60	TRUE	FALSE	36221108	C	A	intronic	EEPD1	.	.	.	NA
7	36410295	0.065359477124183	0.100250626566416	1	0	0	1	3	72	63	TRUE	FALSE	36410295	A	T	intronic	ANLN	.	.	.	NA
7	37542750	0.0580973129992738	0.0668337510442774	1	0	0	1	3	81	63	TRUE	FALSE	37542750	C	T	intergenic	ELMO1;EPDR1	dist:93501;dist:141093	.	.	NA
7	40907131	0.0735294117647059	0.103537532355479	1	0	0	1	3	64	61	TRUE	FALSE	40907131	G	T	intergenic	SUGCT;LINC01450	dist:46368;dist:57536	.	.	NA
7	41153597	0.115718418514947	0.105263157894737	1	0	0	1	3	61	60	TRUE	FALSE	41153597	T	C	intergenic	LINC01449;INHBA	dist:20090;dist:531517	.	.	NA
7	49469239	0.820793433652531	0.858725761772853	0.957	0.957	0.043	0	1	86	76	TRUE	TRUE	49469239	C	T	intergenic	AC091730.1;AC092448.1	dist:214423;dist:54969	.	.	NA
7	50619912	0.411764705882353	0.157894736842105	1	0	0	1	3	80	80	TRUE	FALSE	50619912	C	T	intronic	GRB10	.	.	.	NA
8	3240072	0.0904977375565611	0.101867572156197	1	0	0	1	3	78	62	TRUE	FALSE	3240072	G	C	intronic	CSMD1	.	.	.	NA
8	10546852	0.82670906200318	1	1	1	0	0	1	74	71	TRUE	TRUE	10546852	A	T	intronic	PRSS51;PRSS55	.	.	.	NA
8	11481176	0.355677154582763	0.1468788249694	0.999	0	0.001	0.999	3	86	86	TRUE	FALSE	11481176	C	T	upstream	AF131216.5	dist:108	.	.	NA
8	12029699	0.0588235294117647	0.0831024930747922	1	0	0	1	3	80	76	TRUE	FALSE	12029699	C	G	intergenic	DEFB134;DEFB130B	dist:33387;dist:34690	.	.	NA
8	12821590	0.173010380622837	0.131578947368421	1	0	0	1	3	68	80	TRUE	FALSE	12821590	G	A	intergenic	LINC00681;TRMT9B	dist:3299;dist:124052	.	.	NA
8	12821801	0.0662800331400166	0.0526315789473684	1	0	0	1	3	71	80	TRUE	FALSE	12821801	G	T	intergenic	LINC00681;TRMT9B	dist:3510;dist:123841	.	.	NA
8	14669705	0.144796380090498	0.131578947368421	1	0	0	1	3	65	64	TRUE	FALSE	14669705	C	T	intronic	SGCZ	.	.	.	NA
8	16539839	0.923306031273269	0.959752321981424	0.998	0.998	0.002	0	1	79	68	TRUE	TRUE	16539839	G	A	intergenic	MSR1;AC011586.2	dist:347048;dist:58919	.	.	NA
8	21851523	0.069204152249135	0.0734394124847001	1	0	0	1	3	68	86	TRUE	FALSE	21851523	A	G	intergenic	GFRA2;DOK2	dist:39166;dist:57350	.	.	NA
8	21909271	0.174291938997821	0.2937576499388	1	0	0	1	3	81	86	TRUE	FALSE	21909271	A	G	UTR3	DOK2	ENST00000276420.9:c.*40T>C	.	.	NA
8	25911813	0.055363321799308	0.138050043140638	1	0	0	1	3	85	61	TRUE	FALSE	25911813	G	A	intronic	EBF2	.	.	.	NA
8	27612694	1	0.902255639097744	1	1	0	0	1	84	63	TRUE	TRUE	27612694	C	T	intronic	CLU	.	.	.	NA
8	27888837	0.122230710466005	0.154798761609907	1	0	0	1	3	77	68	TRUE	FALSE	27888837	C	A	intronic	SCARA5	.	.	.	NA
8	28432106	0.732883317261331	0.701754385964912	0.862	0.137	0.862	0.001	Uncertain	61	60	FALSE	Uncertain	28432106	A	G	intronic	FBXO16	.	.	.	NA
8	28859990	0.254372019077901	0.138050043140638	1	0	0	1	3	74	61	TRUE	FALSE	28859990	T	A	intronic	INTS9	.	.	.	NA
8	34731280	1	1	1	1	0	0	1	69	60	TRUE	TRUE	34731280	T	C	intergenic	AC090993.1;LINC01288	dist:384549;dist:52748	.	.	NA
8	35810822	1	1	1	1	0	0	1	73	60	TRUE	TRUE	35810822	C	T	intergenic	UNC5D;AC124290.1	dist:14272;dist:51301	.	.	NA
9	7921390	1	1	1	1	0	0	1	94	70	TRUE	TRUE	7921391	AC	A	ncRNA_intronic	AL135923.2	.	.	.	NA
9	12919403	1	1	1	1	0	0	1	90	76	TRUE	TRUE	12919404	GA	G	intergenic	AL353711.1;AL161449.2	dist:33987;dist:39099	.	.	NA
9	22609954	0.0611153552330023	0.0902255639097744	1	0	0	1	3	77	70	TRUE	FALSE	22609954	G	A	intergenic	DMRTA1;LINC01239	dist:154214;dist:36246	.	.	NA
9	23412295	0.731319554848967	1	0.995	0.995	0.005	0	1	74	71	TRUE	TRUE	23412295	G	T	ncRNA_intronic	AL391117.1	.	.	.	NA
9	25625166	0.847058823529412	0.862812769628991	0.963	0.963	0.037	0	1	75	61	TRUE	TRUE	25625166	C	G	intergenic	AL353730.1;TUSC1	dist:40894;dist:51223	.	.	NA
9	27961990	0.987654320987654	1	1	1	0	0	1	81	67	TRUE	TRUE	27961990	T	A	intronic	LINGO2	.	.	.	NA
9	30440314	0.448179271708683	0.345640219952867	0.881	0	0.119	0.881	Uncertain	63	67	TRUE	FALSE	30440314	T	A	ncRNA_intronic	LINC01242	.	.	.	NA
9	31233743	1	1	1	1	0	0	1	152	144	TRUE	TRUE	31233745	TCA	T	intergenic	LINC01242;LINC01243	dist:658732;dist:137866	.	.	NA
9	32212498	0.113851992409867	0.120300751879699	1	0	0	1	3	62	70	TRUE	FALSE	32212498	C	T	intergenic	LINC01243;ACO1	dist:831008;dist:172105	.	.	NA
9	34159885	0.265120132560066	0.421052631578947	0.996	0	0.004	0.996	3	71	70	TRUE	FALSE	34159885	C	A	intergenic	DCAF12;UBAP1	dist:33187;dist:19120	.	.	NA
9	38992305	0.0784313725490196	0.133244503664224	1	0	0	1	3	90	79	TRUE	FALSE	38992305	C	T	ncRNA_intronic	AL953883.1	.	.	.	NA
9	39000062	1	1	1	1	0	0	1	394	388	TRUE	TRUE	39000063	GT	G	intergenic	AL953883.1;CNTNAP3	dist:1560;dist:72704	.	.	NA
9	41002181	0.0749344323716748	0.0964242667738048	1	0	0	1	3	157	131	TRUE	FALSE	41002181	C	T	intergenic	MIR1299;AL353763.2	dist:73089;dist:10050	.	.	NA
9	41089764	0.0566973777462792	0.061022120518688	1	0	0	1	3	83	69	TRUE	FALSE	41089764	C	A	intergenic	BX255923.1;BX255923.2	dist:13372;dist:11029	.	.	NA
9	41654697	0.180995475113122	0.169779286926995	1	0	0	1	3	78	62	TRUE	FALSE	41654697	T	C	upstream	AL591926.3	dist:103	.	.	NA
9	41937113	0.634500991407799	0.300751879699248	0.653	0	0.653	0.347	Uncertain	89	63	TRUE	FALSE	41937113	A	T	intronic	CNTNAP3B	.	.	.	NA
9	42388999	0.113289760348584	0.174630123696338	1	0	0	1	3	270	217	TRUE	FALSE	42388999	T	A	intergenic	AL445584.2;BX088651.4	dist:34545;dist:177680	.	.	NA
10	63135	0.141743444365698	0.087719298245614	1	0	0	1	3	83	72	TRUE	FALSE	63135	A	G	intronic	TUBB8	.	.	.	NA
10	8661815	0.105355575065847	0.097165991902834	1	0	0	1	3	67	65	TRUE	FALSE	8661815	C	T	intergenic	AC025946.1;LINC02676	dist:199952;dist:236174	.	.	NA
10	11344089	0.43956043956044	0.378474275576582	0.873	0	0.127	0.873	Uncertain	91	89	TRUE	FALSE	11344089	C	T	intergenic	CELF2;AC026887.1	dist:7414;dist:51719	.	.	NA
10	14726789	0.170092133238838	0.0539811066126856	1	0	0	1	3	83	78	TRUE	FALSE	14726789	G	A	intronic	FAM107B	.	.	.	NA
10	15669919	0.963855421686747	1	1	1	0	0	1	83	78	TRUE	TRUE	15669919	C	T	intronic	ITGA8	.	.	.	NA
10	16540136	0.178704393149665	0.0690250215703192	1	0	0	1	3	79	61	TRUE	FALSE	16540136	T	C	downstream	AL353576.1	dist:399	.	.	NA
10	17162250	0.130718954248366	0.0986842105263158	1	0	0	1	3	72	64	TRUE	FALSE	17162250	A	T	intronic	TRDMT1	.	.	.	NA
10	17587119	0.15180265654649	0.129554655870445	1	0	0	1	3	93	65	TRUE	FALSE	17587119	T	C	intergenic	ST8SIA6;HACD1	dist:132524;dist:1913	.	.	NA
10	18242113	0.176470588235294	0.471327572663001	1	0	0	1	3	80	67	TRUE	FALSE	18242113	G	A	ncRNA_intronic	AL390783.1	.	.	.	NA
10	18242127	0.119136262099777	0.172562553925798	1	0	0	1	3	79	61	TRUE	FALSE	18242127	A	G	ncRNA_intronic	AL390783.1	.	.	.	NA
10	19458896	0.064464141821112	0.0956937799043062	1	0	0	1	3	73	66	TRUE	FALSE	19458896	A	G	intronic	MALRD1	.	.	.	NA
10	22903782	0.0980392156862745	0.0942655145326002	1	0	0	1	3	72	67	TRUE	FALSE	22903782	T	C	intergenic	RNU6-413P;ARMC3	dist:116283;dist:24242	.	.	NA
10	23144713	0.186741363211951	0.0546821599453178	1	0	0	1	3	63	77	TRUE	FALSE	23144713	C	T	intergenic	MSRB2;AL139281.2	dist:22700;dist:22272	.	.	NA
10	23622855	0.140474100087796	0.0318979266347687	1	0	0	1	3	67	66	TRUE	FALSE	23622855	G	T	intergenic	AL512603.1;KIAA1217	dist:36631;dist:71891	.	.	NA
11	842686	0.0280112044817927	0.105263157894737	1	0	0	1	3	84	80	TRUE	FALSE	842686	G	C	upstream	POLR2L;TSPAN4	dist:126	.	.	NA
11	1188514	0.0635930047694754	0.12531328320802	1	0	0	1	3	74	84	TRUE	FALSE	1188514	G	C	exonic	MUC5AC	.	nonsynonymous SNV	MUC5AC:ENST00000621226.2:exon31:c.G10369C:p.A3457P;.	NA
11	3983301	0.114777618364419	0.140350877192982	1	0	0	1	3	82	60	TRUE	FALSE	3983301	A	G	intronic	STIM1	.	.	.	NA
11	4318356	0.0351185250219491	0.0928792569659443	1	0	0	1	3	67	68	TRUE	FALSE	4318356	A	G	intergenic	SSU72P4;SSU72P3	dist:30273;dist:11509	.	.	NA
11	4318551	0.132560066280033	0.0701754385964912	1	0	0	1	3	71	60	TRUE	FALSE	4318551	G	T	intergenic	SSU72P4;SSU72P3	dist:30468;dist:11314	.	.	NA
11	4711956	0.156862745098039	0	1	0	0	1	3	75	63	TRUE	FALSE	4711956	T	A	intergenic	OR51E2;AC103710.1	dist:14103;dist:44689	.	.	NA
11	7178482	0.0672268907563025	0.0350877192982456	1	0	0	1	3	70	60	TRUE	FALSE	7178482	C	G	intergenic	RBMXL2;AC027804.1	dist:87334;dist:44451	.	.	NA
11	7947024	0.30690537084399	0.067911714770798	1	0	0	1	3	69	62	TRUE	FALSE	7947024	A	C	intergenic	OR10A3;NLRP10	dist:5316;dist:10513	.	.	NA
11	8671999	0.129282482223659	0	1	0	0	1	3	91	76	TRUE	FALSE	8671999	T	G	exonic	TRIM66	.	nonsynonymous SNV	TRIM66:ENST00000646038.1:exon6:c.A127C:p.S43R;.	NA
11	9047811	0.0928792569659443	0.133667502088555	1	0	0	1	3	76	63	TRUE	FALSE	9047811	C	T	ncRNA_intronic	AC079296.1	.	.	.	NA
11	9419560	1	1	1	1	0	0	1	110	134	TRUE	TRUE	9419561	AT	A	intronic	IPO7	.	.	.	NA
11	11025280	0.848601735776278	1	0.999	0.999	0.001	0	1	61	61	TRUE	TRUE	11025280	C	T	intergenic	ZBED5-AS1;LINC02752	dist:116308;dist:92574	.	.	NA
11	13622916	0.115718418514947	0.116959064327485	1	0	0	1	3	61	72	TRUE	FALSE	13622916	T	C	intergenic	PTH;FAR1	dist:126735;dist:45752	.	.	NA
11	14378032	0.712074303405573	0.448662640207075	0.976	0	0.976	0.024	2	76	61	TRUE	FALSE	14378032	A	G	intergenic	RRAS2;COPB1	dist:13526;dist:79474	.	.	NA
11	15502819	0.737489025460931	0.414673046251994	0.963	0.001	0.963	0.036	2	67	66	TRUE	FALSE	15502819	C	T	intergenic	AC104361.1;LINC02751	dist:20926;dist:50036	.	.	NA
11	19259634	0	0.135823429541596	1	0	0	1	3	69	62	TRUE	FALSE	19259634	A	G	ncRNA_intronic	CSRP3-AS1	.	.	.	NA
11	27280642	0	0	1	0	0	1	3	76	64	TRUE	FALSE	27280642	C	A	intergenic	BBOX1-AS1;CCDC34	dist:60540;dist:57870	.	.	NA
11	27336074	0.0255754475703325	0.097165991902834	1	0	0	1	3	92	65	TRUE	FALSE	27336074	C	T	intergenic	BBOX1-AS1;CCDC34	dist:115972;dist:2438	.	.	NA
11	32329583	0.352941176470588	0.085348506401138	1	0	0	1	3	60	74	TRUE	FALSE	32329583	G	A	intergenic	AL078612.3;WT1	dist:185861;dist:58192	.	.	NA
11	32823182	0.667251975417033	1	0.997	0.997	0.003	0	1	67	73	TRUE	TRUE	32823182	A	G	intergenic	CCDC73;PRRG4	dist:28541;dist:6745	.	.	NA
11	33386667	0	0.0619195046439628	1	0	0	1	3	64	68	TRUE	FALSE	33386667	G	T	intronic	KIAA1549L	.	.	.	NA
11	37750842	0.096696212731668	0.0300751879699248	1	0	0	1	3	73	70	TRUE	FALSE	37750842	C	T	intergenic	AC061997.1;LINC02760	dist:48622;dist:187759	.	.	NA
11	42515599	0.913081650570676	1	1	1	0	0	1	67	66	TRUE	TRUE	42515599	C	A	intergenic	LINC02740;API5	dist:261878;dist:796364	.	.	NA
11	44689845	0.065359477124183	0.0820232399179768	1	0	0	1	3	72	77	TRUE	FALSE	44689845	T	C	intergenic	CD82;LINC02704	dist:69487;dist:5018	.	.	NA
11	46712151	0.156862745098039	0.067911714770798	1	0	0	1	3	75	62	TRUE	FALSE	46712151	G	C	intergenic	ZNF408;F2	dist:6239;dist:7062	.	.	NA
11	47054014	0.10230179028133	0.0647773279352227	1	0	0	1	3	69	65	TRUE	FALSE	47054014	A	T	intronic	C11orf49	.	.	.	NA
11	48149775	0.311418685121107	0.542264752791069	0.873	0	0.127	0.873	Uncertain	68	66	TRUE	FALSE	48149775	C	T	intronic	PTPRJ	.	.	.	NA
11	48683021	1	1	0.999	0.999	0.001	0	1	78	66	TRUE	TRUE	48683021	A	G	intergenic	OR4A47;TRIM51GP	dist:193241;dist:292303	.	.	NA
11	49964019	0.902872777017784	1	1	1	0	0	1	86	63	TRUE	TRUE	49964019	G	A	intergenic	OR4C13;OR4C12	dist:10600;dist:17454	.	.	NA
11	50078400	1	1	1	1	0	0	1	76	75	TRUE	TRUE	50078400	A	G	intergenic	OR4C45;AC109635.7	dist:44606;dist:105850	.	.	NA
11	50287025	1	0.902255639097744	1	1	0	0	1	94	70	TRUE	TRUE	50287025	T	C	intergenic	AC109635.6;LINC02750	dist:63056;dist:11554	.	.	NA
11	51829104	0	0.0647773279352227	1	0	0	1	3	64	65	TRUE	FALSE	51829104	C	T	intergenic	LINC02750;NONE	dist:1524448;dist:NONE	.	.	NA
11	54843648	0.0994200497100249	0.0318979266347687	1	0	0	1	3	71	66	TRUE	FALSE	54843648	C	A	intergenic	OR4A5;TRIM48	dist:135746;dist:418507	.	.	NA
11	56010220	0.152788388082506	0	1	0	0	1	3	77	60	TRUE	FALSE	56010220	C	T	intergenic	OR5F1;OR5AS1	dist:15595;dist:17434	.	.	NA
11	58445152	0.80672268907563	1	0.999	0.999	0.001	0	1	70	61	TRUE	TRUE	58445152	A	T	intergenic	OR5B12;AP003557.2	dist:2394;dist:46621	.	.	NA
11	60454612	0.0305576776165011	0.166204986149584	1	0	0	1	3	77	76	TRUE	FALSE	60454612	T	A	intergenic	MS4A5;MS4A1	dist:6820;dist:1197	.	.	NA
11	64872610	0.16116035455278	0.142247510668563	1	0	0	1	3	73	74	TRUE	FALSE	64872610	A	T	intronic	EHD1	.	.	.	NA
11	65255764	0.370125578321216	0.601503759398496	0.656	0	0.344	0.656	Uncertain	89	77	TRUE	FALSE	65255764	C	T	intergenic	CAPN1;AP000944.6	dist:43758;dist:5232	.	.	NA
11	65550305	0.0290486564996369	0.194331983805668	1	0	0	1	3	81	65	TRUE	FALSE	65550305	A	C	intronic	LTBP3	.	.	.	NA
11	65902366	0.224089635854342	0.0288392213410238	1	0	0	1	3	63	73	TRUE	FALSE	65902366	A	T	intergenic	FOSL1;C11orf68	dist:1947;dist:14444	.	.	NA
11	67667641	0.775401069518717	1	0.996	0.996	0.004	0	1	88	68	TRUE	TRUE	67667641	G	A	intronic	ALDH3B2	.	.	.	NA
11	70607689	0.0850460666194189	0.0584795321637427	1	0	0	1	3	83	72	TRUE	FALSE	70607689	A	T	intronic	SHANK2	.	.	.	NA
11	71526823	0.803443328550933	1	0.999	0.999	0.001	0	1	82	75	TRUE	TRUE	71526823	A	T	upstream	KRTAP5-7	dist:444	.	.	NA
11	71793529	0.032232070910556	0.0601503759398496	1	0	0	1	3	73	70	TRUE	FALSE	71793529	C	T	ncRNA_exonic	AP003498.1	.	.	.	NA
11	71896359	0.254372019077901	0.345125107851596	0.999	0	0.001	0.999	3	74	61	TRUE	FALSE	71896359	T	C	intronic	AP002495.1	.	.	.	NA
11	75085350	0.834914611005693	0.749819754866619	0.776	0.776	0.224	0	Uncertain	62	73	TRUE	Uncertain	75085350	A	G	ncRNA_intronic	AP003175.1	.	.	.	NA
11	77408530	1	1	1	1	0	0	1	86	66	TRUE	TRUE	77408530	A	AATACAC	intronic	PAK1	.	.	.	NA
11	85698605	0.96594427244582	0.568086883876358	0.545	0.545	0.455	0	Uncertain	95	63	TRUE	Uncertain	85698605	A	G	intronic	SYTL2	.	.	.	NA
11	87644027	0.0759013282732448	0.271646859083192	1	0	0	1	3	62	62	TRUE	FALSE	87644027	G	T	intergenic	RNU6-1135P;AP000756.2	dist:37142;dist:4462	.	.	NA
11	88548395	0.231980115990058	0.129554655870445	1	0	0	1	3	71	65	TRUE	FALSE	88548395	C	G	intronic	GRM5	.	.	.	NA
11	93483501	0.164158686730506	0.131578947368421	1	0	0	1	3	86	64	TRUE	FALSE	93483501	G	C	intronic	SMCO4	.	.	.	NA
11	93874796	0.484429065743945	0.226720647773279	0.981	0	0.019	0.981	3	68	65	TRUE	FALSE	93874796	T	C	intergenic	VSTM5;HEPHL1	dist:24178;dist:146558	.	.	NA
11	93995052	0.141743444365698	0	1	0	0	1	3	83	62	TRUE	FALSE	93995052	T	G	intergenic	VSTM5;HEPHL1	dist:144434;dist:26302	.	.	NA
11	98336438	0.0682011935208866	0.140350877192982	1	0	0	1	3	69	60	TRUE	FALSE	98336438	G	A	intergenic	LINC02713;AP003715.1	dist:379352;dist:339953	.	.	NA
11	99656437	0.317965023847377	0.0637958532695375	1	0	0	1	3	74	66	TRUE	FALSE	99656437	G	T	intronic	CNTN5	.	.	.	NA
11	100758509	0.208488458674609	0.33955857385399	1	0	0	1	3	79	62	TRUE	FALSE	100758509	G	T	intronic	ARHGAP42	.	.	.	NA
11	102630956	0.196078431372549	0.237212750185322	1	0	0	1	3	84	71	TRUE	FALSE	102630956	G	A	intergenic	AP000851.1;AP000851.2	dist:2886;dist:50354	.	.	NA
11	107156603	0.32232070910556	0.0657894736842105	1	0	0	1	3	73	64	TRUE	FALSE	107156603	C	T	intergenic	GUCY1A2;AP000766.1	dist:138079;dist:155529	.	.	NA
11	114217594	0.410830999066293	0.197368421052632	0.999	0	0.001	0.999	3	63	64	TRUE	FALSE	114217594	G	T	ncRNA_intronic	AP002518.2	.	.	.	NA
11	117969728	0.271493212669683	0.336842105263158	1	0	0	1	3	78	75	TRUE	FALSE	117969728	C	T	intergenic	TMPRSS13;IL10RA	dist:40269;dist:16620	.	.	NA
11	123663173	1	1	1	1	0	0	1	168	130	TRUE	TRUE	123663174	CT	C	intergenic	SCN3B;AP002765.1	dist:7930;dist:5325	.	.	NA
11	125874765	1	1	1	1	0	0	1	170	116	TRUE	TRUE	125874774	TAGCCTCCCA	T	upstream	AP000842.3	dist:238	.	.	NA
11	126142248	0.038572806171649	0.030511060259344	1	0	0	1	3	61	69	TRUE	FALSE	126142248	A	G	intergenic	AP000821.2;AP001893.3	dist:14167;dist:18466	.	.	NA
11	126142250	0.0379506641366224	0	1	0	0	1	3	62	67	TRUE	FALSE	126142250	C	A	intergenic	AP000821.2;AP001893.3	dist:14169;dist:18464	.	.	NA
11	126929893	0.887174541947927	0.966350301984469	0.997	0.997	0.003	0	1	61	61	TRUE	TRUE	126929893	A	G	ncRNA_intronic	AP002833.1	.	.	.	NA
11	128940523	1	1	1	1	0	0	1	65	68	TRUE	TRUE	128940523	A	G	intronic	TP53AIP1	.	.	.	NA
11	131610020	0.110726643598616	0.120300751879699	1	0	0	1	3	85	70	TRUE	FALSE	131610020	C	T	intronic	NTM	.	.	.	NA
11	131840558	0.105750165234633	0	1	0	0	1	3	89	67	TRUE	FALSE	131840558	G	T	intronic	NTM	.	.	.	NA
12	4427927	0.0386554621848739	0.0356536502546689	1	0	0	1	3	70	62	TRUE	FALSE	4427927	C	T	intergenic	AC008012.1;FGF6	dist:22437;dist:6216	.	.	NA
12	13081663	0.150326797385621	0.184210526315789	1	0	0	1	3	90	60	TRUE	FALSE	13081663	A	G	UTR3	FAM234B	ENST00000197268.13:c.*1033A>G	.	.	NA
12	16653575	0.137006701414743	0.14495254529767	1	0	0	1	3	79	61	TRUE	FALSE	16653575	C	T	intergenic	LMO3;AC007529.2	dist:42981;dist:8191	.	.	NA
12	18404868	0.14349376114082	0.184210526315789	1	0	0	1	3	66	60	TRUE	FALSE	18404868	G	A	intronic	PIK3C2G	.	.	.	NA
12	19592447	0.676470588235294	0.552631578947368	1	0	1	0	2	118	106	TRUE	FALSE	19592450	AAAG	A	intergenic	AC137561.1;RNU1-146P	dist:9174;dist:131985	.	.	NA
12	20114888	0.0351413292589763	0.133971291866029	1	0	0	1	3	77	66	TRUE	FALSE	20114888	A	G	intergenic	AC126468.1;LINC02468	dist:4995;dist:6092	.	.	NA
12	20549074	0.109108159392789	0.0518092105263158	1	0	0	1	3	62	64	TRUE	FALSE	20549074	A	T	intronic	PDE3A	.	.	.	NA
12	34833032	0.0365659777424483	0.0315789473684211	1	0	0	1	3	74	70	TRUE	FALSE	34833032	A	C	intergenic	AC140847.2;NONE	dist:613786;dist:NONE	.	.	NA
12	38112598	0.0832579185520362	0.0356536502546689	1	0	0	1	3	65	62	TRUE	FALSE	38112598	A	G	intergenic	NONE;AC079460.1	dist:NONE;dist:37452	.	.	NA
12	41803162	0.545215100965759	0.56140350877193	0.948	0	0.948	0.052	Uncertain	67	63	TRUE	FALSE	41803162	A	T	intergenic	LINC02400;AC090630.1	dist:28491;dist:26736	.	.	NA
12	43090671	0.145701357466063	0.292569659442724	1	0	0	1	3	65	68	TRUE	FALSE	43090671	G	T	intergenic	AC012038.1;LINC02461	dist:94185;dist:64644	.	.	NA
12	49021548	0.244507441530829	0.261772853185596	1	0	0	1	3	83	76	TRUE	FALSE	49021548	G	A	UTR3	KMT2D	ENST00000301067.11:c.*232C>T	.	.	NA
12	51761052	0.676470588235294	0.435406698564593	0.988	0	0.988	0.012	2	90	66	TRUE	FALSE	51761052	T	C	intronic	SCN8A	.	.	.	NA
12	52670963	0.254901960784314	0.157894736842105	1	0	0	1	3	69	70	TRUE	FALSE	52670963	A	C	intergenic	KRT2;KRT1	dist:18752;dist:3773	.	.	NA
12	52899081	0.43827671913836	0.288329519450801	0.998	0	0.002	0.998	3	71	69	TRUE	FALSE	52899081	G	A	intronic	KRT8	.	.	.	NA
12	53096967	0.254901960784314	0.087719298245614	1	0	0	1	3	69	63	TRUE	FALSE	53096967	G	A	upstream	IGFBP6	dist:469	.	.	NA
12	54646052	0.0652019844082211	0.0345394736842105	1	0	0	1	3	83	64	TRUE	FALSE	54646052	G	A	intronic	DCD	.	.	.	NA
12	57331482	0.0477508650519031	0.0767543859649123	1	0	0	1	3	85	72	TRUE	FALSE	57331482	T	C	intronic	R3HDM2	.	.	.	NA
12	61074290	0.210457516339869	0.142105263157895	1	0	0	1	3	90	70	TRUE	FALSE	61074290	G	T	intergenic	AC090022.1;AC090629.1	dist:710355;dist:594012	.	.	NA
12	65787558	0.185334407735697	0.0545808966861598	1	0	0	1	3	73	81	TRUE	FALSE	65787558	G	A	intergenic	AC090023.2;HMGA2	dist:139700;dist:36573	.	.	NA
12	67515036	0.0392156862745098	0.0356536502546689	1	0	0	1	3	69	62	TRUE	FALSE	67515036	C	T	ncRNA_intronic	LINC02408	.	.	.	NA
12	69932883	0.267441860465116	0.294736842105263	1	0	0	1	3	86	60	TRUE	FALSE	69932883	T	G	ncRNA_intronic	CNOT2-DT	.	.	.	NA
13	17035608	0.329851566794942	0.204394481349004	1	0	0	1	3	107	103	TRUE	FALSE	17035608	G	A	intergenic	NONE;FAM230C	dist:NONE;dist:1159689	.	.	NA
13	19351450	0.980392156862745	0.807017543859649	0.989	0.989	0.011	0	1	72	60	TRUE	TRUE	19351450	G	A	intergenic	LINC00421;AL356259.1	dist:4701;dist:56592	.	.	NA
13	20281213	1	1	1	1	0	0	1	104	84	TRUE	TRUE	20281213	A	AT	intergenic	GJB6;CRYL1	dist:48848;dist:122454	.	.	NA
13	23703231	0.096696212731668	0	1	0	0	1	3	73	66	TRUE	FALSE	23703231	A	T	intergenic	TNFRSF19;MIPEP	dist:27127;dist:26958	.	.	NA
13	25158024	1	1	1	1	0	0	1	85	66	TRUE	TRUE	25158024	G	C	intergenic	AL359757.2;AMER2	dist:16215;dist:3660	.	.	NA
13	31216660	0.40920716112532	0.180451127819549	0.999	0	0.001	0.999	3	69	70	TRUE	FALSE	31216660	A	G	intronic	B3GLCT	.	.	.	NA
13	36420508	0.86687306501548	0.906432748538012	0.988	0.988	0.012	0	1	76	72	TRUE	TRUE	36420508	T	A	intergenic	SPART;CCNA1	dist:50328;dist:11012	.	.	NA
13	37547465	0.156862745098039	0.085348506401138	1	0	0	1	3	90	74	TRUE	FALSE	37547465	T	A	ncRNA_intronic	LINC00547	.	.	.	NA
13	38679341	0.150829562594268	0.0956937799043062	1	0	0	1	3	78	66	TRUE	FALSE	38679341	A	G	intergenic	LINC00366;FREM2	dist:56670;dist:7736	.	.	NA
13	38680745	0.0603318250377074	0.0956937799043062	1	0	0	1	3	78	88	TRUE	FALSE	38680745	A	G	intergenic	LINC00366;FREM2	dist:58074;dist:6332	.	.	NA
13	40176439	0.0904977375565611	0.061022120518688	1	0	0	1	3	78	69	TRUE	FALSE	40176439	C	T	ncRNA_intronic	LINC00332;LINC00598	.	.	.	NA
13	40722237	0.0682011935208866	0.061022120518688	1	0	0	1	3	69	69	TRUE	FALSE	40722237	C	T	intergenic	FOXO1;MIR320D1	dist:55596;dist:5591	.	.	NA
13	41254862	0.0941176470588235	0.0820232399179768	1	0	0	1	3	75	77	TRUE	FALSE	41254862	A	T	intronic	MTRF1	.	.	.	NA
13	46455200	0	0.103963612735543	1	0	0	1	3	77	81	TRUE	FALSE	46455200	C	T	ncRNA_exonic	LINC01198	.	.	.	NA
13	47871996	0.958605664488017	0.890688259109312	0.997	0.997	0.003	0	1	81	78	TRUE	TRUE	47871996	C	G	intergenic	AL138962.1;LINC00562	dist:36040;dist:58157	.	.	NA
13	56627785	1	1	1	1	0	0	1	130	118	TRUE	TRUE	56627789	AAAAC	A	intergenic	AL138997.1;RN7SKP6	dist:573389;dist:257495	.	.	NA
13	59168196	0.252100840336134	0.388663967611336	1	0	0	1	3	84	65	TRUE	FALSE	59168196	T	C	ncRNA_intronic	AL159156.1	.	.	.	NA
13	62083310	0.0301659125188537	0.097165991902834	1	0	0	1	3	78	65	TRUE	FALSE	62083310	T	A	intergenic	LINC00358;LINC01075	dist:53738;dist:129267	.	.	NA
13	63052925	0.0735294117647059	0.0568990042674253	1	0	0	1	3	96	74	TRUE	FALSE	63052925	T	C	ncRNA_intronic	AL354810.1	.	.	.	NA
13	63130577	0.910815939278937	0.894015861571738	0.994	0.994	0.006	0	1	62	73	TRUE	TRUE	63130577	C	A	intergenic	AL354810.1;LINC00376	dist:32780;dist:52519	.	.	NA
13	63481151	0.980392156862745	1	1	1	0	0	1	84	60	TRUE	TRUE	63481151	T	C	intergenic	AL359208.1;LINC00395	dist:18710;dist:186530	.	.	NA
13	63921537	0.355677154582763	0.0956937799043062	1	0	0	1	3	86	66	TRUE	FALSE	63921537	A	T	ncRNA_intronic	LINC00355	.	.	.	NA
13	66299550	0.0635930047694754	0.0637958532695375	1	0	0	1	3	74	66	TRUE	FALSE	66299550	G	A	intergenic	MIR4704;PCDH9	dist:81226;dist:3284	.	.	NA
13	68481179	0.096696212731668	0.0576784426820476	1	0	0	1	3	73	73	TRUE	FALSE	68481179	A	C	intergenic	AL590027.1;RN7SL761P	dist:444048;dist:212625	.	.	NA
13	69645536	0.0547195622435021	0.109364319890636	1	0	0	1	3	86	77	TRUE	FALSE	69645536	T	A	intergenic	LINC00383;KLHL1	dist:323346;dist:55058	.	.	NA
13	74936992	0.341005967604433	0.274599542334096	0.995	0	0.005	0.995	3	69	69	TRUE	FALSE	74936992	A	G	intergenic	LINC00347;RNU6-38P	dist:371547;dist:172595	.	.	NA
13	78983764	0.055363321799308	0.116959064327485	1	0	0	1	3	85	72	TRUE	FALSE	78983764	C	A	intergenic	LINC00331;RBM26	dist:143714;dist:335104	.	.	NA
13	79038411	0.96106048053024	0.935672514619883	0.998	0.998	0.002	0	1	71	72	TRUE	TRUE	79038411	T	C	intergenic	LINC00331;RBM26	dist:198361;dist:280457	.	.	NA
13	84464483	0.156862745098039	0.0690250215703192	1	0	0	1	3	60	61	TRUE	FALSE	84464483	G	T	intergenic	AL162493.1;LINC00333	dist:15880;dist:97881	.	.	NA
13	86343270	0	0.157109190887667	1	0	0	1	3	60	67	TRUE	FALSE	86343270	A	T	intergenic	AL354994.1;AL445207.1	dist:172380;dist:59712	.	.	NA
13	93765165	1	0.897832817337461	0.999	0.999	0.001	0	1	71	68	TRUE	TRUE	93765165	C	A	intronic	GPC6	.	.	.	NA
13	94848018	0.10230179028133	0.103537532355479	1	0	0	1	3	69	61	TRUE	FALSE	94848018	A	T	intergenic	SOX21-AS1;LINC00557	dist:44588;dist:112023	.	.	NA
13	94909501	0.0830449826989619	0.0770218228498075	1	0	0	1	3	85	82	TRUE	FALSE	94909501	A	T	intergenic	SOX21-AS1;LINC00557	dist:106071;dist:50540	.	.	NA
13	95465979	0.231436837029894	0.334168755221387	1	0	0	1	3	61	63	TRUE	FALSE	95465979	A	G	intronic	CLDN10	.	.	.	NA
13	95690644	0.188235294117647	0.191387559808612	1	0	0	1	3	75	66	TRUE	FALSE	95690644	G	A	intronic	DNAJC3	.	.	.	NA
15	38903167	0.42483660130719	0.148257968865827	1	0	0	1	3	72	71	TRUE	FALSE	38903167	G	A	ncRNA_intronic	AC013652.1;LINC02694	.	.	.	NA
15	40313371	0.0980392156862745	0.127591706539075	1	0	0	1	3	72	66	TRUE	FALSE	40313371	T	G	ncRNA_exonic	AC020658.2	.	.	.	NA
15	42562582	0.136402387041773	0.0628436763550668	1	0	0	1	3	69	67	TRUE	FALSE	42562582	G	C	intronic	HAUS2	.	.	.	NA
15	53246236	0.142602495543672	0.105263157894737	1	0	0	1	3	66	60	TRUE	FALSE	53246236	C	T	intergenic	LINC02490;AC066614.1	dist:116538;dist:173629	.	.	NA
15	59149061	0.110294117647059	0.067911714770798	1	0	0	1	3	64	62	TRUE	FALSE	59149061	T	G	intronic	MYO1E	.	.	.	NA
15	65362729	0.103806228373702	0.100250626566416	1	0	0	1	3	68	63	TRUE	FALSE	65362729	C	T	intronic	IGDCC3	.	.	.	NA
15	65490828	0.27681660899654	0.125687352710134	1	0	0	1	3	68	67	TRUE	FALSE	65490828	G	C	intronic	DPP8	.	.	.	NA
16	847238	0.638655462184874	0.743034055727554	0.784	0.215	0.784	0.001	Uncertain	70	68	TRUE	Uncertain	847238	G	C	ncRNA_intronic	AL023882.1	.	.	.	NA
16	847250	0.667251975417033	0.87719298245614	0.864	0.864	0.136	0	Uncertain	67	72	TRUE	Uncertain	847250	T	G	ncRNA_intronic	AL023882.1	.	.	.	NA
16	1472244	1	1	1	1	0	0	1	200	138	TRUE	TRUE	1472244	A	AT	ncRNA_intronic	AL031600.2	.	.	.	NA
16	4331556	1	1	1	1	0	0	1	72	63	TRUE	TRUE	4331556	C	T	UTR3	PAM16	ENST00000577031.5:c.*120G>A	.	.	NA
16	5689858	1	0.969089390142022	1	1	0	0	1	80	63	TRUE	TRUE	5689858	A	T	intronic	RBFOX1	.	.	.	NA
16	5991651	0.180995475113122	0.100250626566416	1	0	0	1	3	65	63	TRUE	FALSE	5991651	T	C	intronic	RBFOX1	.	.	.	NA
16	10195231	0.935506732813607	0.962406015037594	0.998	0.998	0.002	0	1	83	70	TRUE	TRUE	10195231	C	A	intergenic	GRIN2A;AC022168.1	dist:12477;dist:19553	.	.	NA
16	11985101	0.117647058823529	0.061022120518688	1	0	0	1	3	80	69	TRUE	FALSE	11985101	T	A	intronic	SNX29	.	.	.	NA
16	12206044	0.253393665158371	0.305602716468591	1	0	0	1	3	65	62	TRUE	FALSE	12206044	C	T	intronic	SNX29	.	.	.	NA
16	15158436	0.134453781512605	0.201874549387167	1	0	0	1	3	70	73	TRUE	FALSE	15158436	G	T	intergenic	AC126763.1;NPIPA5	dist:1416;dist:205192	.	.	NA
16	15417006	0.217194570135747	0.210526315789474	1	0	0	1	3	65	60	TRUE	FALSE	15417006	T	A	intronic	AC140504.1	.	.	.	NA
16	17100378	0.227703984819734	0.0956937799043062	1	0	0	1	3	62	66	TRUE	FALSE	17100378	T	A	intergenic	AC109446.4;XYLT1	dist:15329;dist:1391	.	.	NA
16	23002099	0.105355575065847	0.0637958532695375	1	0	0	1	3	67	66	TRUE	FALSE	23002099	G	T	intergenic	HS3ST2;AC127459.2	dist:85761;dist:18201	.	.	NA
16	25865696	0.835913312693498	0.954712362301102	0.995	0.995	0.005	0	1	76	86	TRUE	TRUE	25865696	A	C	ncRNA_intronic	AC093516.1	.	.	.	NA
16	27238544	1	1	1	1	0	0	1	156	170	TRUE	TRUE	27238544	T	TTC	intronic	NSMCE1	.	.	.	NA
16	29138345	0.941176470588235	1	1	1	0	0	1	65	73	TRUE	TRUE	29138345	C	T	intergenic	RRN3P2;AC009093.10	dist:21627;dist:1034	.	.	NA
16	29265544	1	1	1	1	0	0	1	118	126	TRUE	TRUE	29265544	C	CTGATTCA	ncRNA_intronic	AC009093.10	.	.	.	NA
16	33841587	0.0850460666194189	0.0637958532695375	1	0	0	1	3	83	66	TRUE	FALSE	33841587	T	C	intergenic	IGHV3OR16-13;AC136428.1	dist:13926;dist:3197	.	.	NA
16	33841589	0.116194625998548	0.0647773279352227	1	0	0	1	3	81	65	TRUE	FALSE	33841589	C	T	intergenic	IGHV3OR16-13;AC136428.1	dist:13928;dist:3195	.	.	NA
16	34121267	0.309597523219814	0.0809716599190284	1	0	0	1	3	76	78	TRUE	FALSE	34121267	G	A	intergenic	AC140658.1;LINC00273	dist:144921;dist:37318	.	.	NA
16	35930662	0.89126559714795	0.785545954438335	0.929	0.929	0.071	0	Uncertain	66	67	TRUE	Uncertain	35930662	C	T	intergenic	AC116553.2;NONE	dist:25746;dist:NONE	.	.	NA
16	36090259	0.804953560371517	0.621225194132873	0.812	0.187	0.812	0.001	Uncertain	76	61	TRUE	Uncertain	36090259	C	T	intergenic	AC116553.2;NONE	dist:185343;dist:NONE	.	.	NA
16	36190767	0.0603318250377074	0.0657894736842105	1	0	0	1	3	78	64	TRUE	FALSE	36190767	G	C	intergenic	AC116553.2;NONE	dist:285851;dist:NONE	.	.	NA
16	36191602	1	1	1	1	0	0	1	77	73	TRUE	TRUE	36191602	G	A	intergenic	AC116553.2;NONE	dist:286686;dist:NONE	.	.	NA
16	49657336	1	0.935672514619883	1	1	0	0	1	95	63	TRUE	TRUE	49657336	G	A	intronic	ZNF423	.	.	.	NA
16	51065599	0.375106564364876	0.345125107851596	0.972	0	0.028	0.972	3	69	61	TRUE	FALSE	51065599	T	A	intergenic	AC027688.2;AC009166.3	dist:9200;dist:23867	.	.	NA
16	59453145	0.261437908496732	0.0668337510442774	1	0	0	1	3	81	63	TRUE	FALSE	59453145	G	A	intergenic	AC106793.1;RNU4-58P	dist:344171;dist:86981	.	.	NA
16	64444416	0.565897244973939	0.140350877192982	0.997	0	0.003	0.997	3	79	60	TRUE	FALSE	64444416	C	A	ncRNA_intronic	AC092131.1	.	.	.	NA
16	64857409	0.892494929006085	0.932330827067669	0.996	0.996	0.004	0	1	87	70	TRUE	TRUE	64857409	A	G	intergenic	AC092131.1;CDH11	dist:257162;dist:86344	.	.	NA
16	69886978	0.110726643598616	0.056140350877193	1	0	0	1	3	85	75	TRUE	FALSE	69886978	A	T	intronic	WWP2	.	.	.	NA
16	75968605	0.203340595497458	0.169779286926995	1	0	0	1	3	81	62	TRUE	FALSE	75968605	G	A	intergenic	AC105430.1;AC099511.1	dist:107758;dist:138678	.	.	NA
17	5037919	0.105355575065847	0.244088482074752	1	0	0	1	3	67	69	TRUE	FALSE	5037919	T	C	intronic	SLC52A1	.	.	.	NA
17	8904318	1	0.97165991902834	0.999	0.999	0.001	0	1	72	65	TRUE	TRUE	8904318	C	T	intronic	PIK3R5	.	.	.	NA
17	9265974	0.0916730328495034	0.0526315789473684	1	0	0	1	3	77	80	TRUE	FALSE	9265974	C	T	intronic	STX8	.	.	.	NA
17	10128117	0.19884009942005	0.186542305129913	1	0	0	1	3	71	79	TRUE	FALSE	10128117	C	A	intronic	AC005747.1	.	.	.	NA
17	12191839	0.224089635854342	0.271646859083192	1	0	0	1	3	63	62	TRUE	FALSE	12191839	A	G	intergenic	MAP2K4;AC005244.2	dist:48009;dist:9761	.	.	NA
17	12191841	0.213903743315508	0.203735144312394	1	0	0	1	3	66	62	TRUE	FALSE	12191841	G	A	intergenic	MAP2K4;AC005244.2	dist:48011;dist:9759	.	.	NA
17	13754766	0.104575163398693	0.0628436763550668	1	0	0	1	3	90	67	TRUE	FALSE	13754766	C	T	downstream	COX10-AS1	dist:808	.	.	NA
17	16799063	0.352941176470588	0.48421052631579	0.946	0	0.054	0.946	Uncertain	120	100	TRUE	FALSE	16799063	C	T	ncRNA_intronic	AC098850.4	.	.	.	NA
17	18349915	1	1	1	1	0	0	1	87	70	TRUE	TRUE	18349915	G	A	intronic	SHMT1	.	.	.	NA
17	18634664	1	1	1	1	0	0	1	168	188	TRUE	TRUE	18634665	GA	G	downstream	TBC1D28	dist:341	.	.	NA
17	20624659	0.328905755850727	0.091533180778032	1	0	0	1	3	93	69	TRUE	FALSE	20624659	C	T	ncRNA_intronic	LINC02088	.	.	.	NA
17	21290413	0.35650623885918	0.521658127619935	0.844	0	0.156	0.844	Uncertain	99	113	TRUE	FALSE	21290413	G	A	intronic	MAP2K3	.	.	.	NA
17	21838362	0.280948200175593	0.106595602931379	1	0	0	1	3	67	79	TRUE	FALSE	21838362	A	G	intergenic	KCNJ18;LINC02002	dist:133750;dist:395968	.	.	NA
17	22435523	1	0.962406015037594	1	1	0	0	1	77	70	TRUE	TRUE	22435523	G	A	intergenic	AC132825.3;MTRNR2L1	dist:10792;dist:87588	.	.	NA
17	26772830	0.069204152249135	0.109364319890636	1	0	0	1	3	102	77	TRUE	FALSE	26772830	A	C	intergenic	NONE;AC069061.2	dist:NONE;dist:216359	.	.	NA
17	26958594	0.19884009942005	0.237212750185322	1	0	0	1	3	71	71	TRUE	FALSE	26958594	A	T	intergenic	NONE;AC069061.2	dist:NONE;dist:30595	.	.	NA
17	27416795	1	1	1	1	0	0	1	61	68	TRUE	TRUE	27416795	G	A	intergenic	AC026254.2;KSR1	dist:63967;dist:39675	.	.	NA
17	30969767	0.238704177323103	0.159893404397069	1	0	0	1	3	69	79	TRUE	FALSE	30969767	T	C	ncRNA_intronic	AC138207.9	.	.	.	NA
17	31042945	1	1	1	1	0	0	1	138	102	TRUE	TRUE	31042966	TTTATCTTTAATTTAATTTAAC	T	intergenic	RNF135;AC138207.2	dist:43035;dist:47821	.	.	NA
17	31278413	0.672268907563025	0.475382003395586	0.958	0.007	0.958	0.035	2	63	62	TRUE	FALSE	31278413	T	G	intronic	NF1	.	.	.	NA
17	32060520	0.271493212669683	0.21671826625387	1	0	0	1	3	78	68	TRUE	FALSE	32060520	C	T	intergenic	LRRC37B;AC116407.2	dist:7016;dist:67075	.	.	NA
17	34421932	0.326797385620915	0.106595602931379	1	0	0	1	3	72	79	TRUE	FALSE	34421932	T	C	intergenic	CCL1;AC011193.1	dist:58699;dist:57340	.	.	NA
17	35347077	0.0603318250377074	0.091533180778032	1	0	0	1	3	78	69	TRUE	FALSE	35347077	T	A	intergenic	AC022706.1;SLFN11	dist:21769;dist:3228	.	.	NA
17	39987345	1	1	1	1	0	0	1	132	142	TRUE	TRUE	39987348	GGTT	G	intronic	PSMD3	.	.	.	NA
17	41651057	0.14405762304922	0.2203182374541	1	0	0	1	3	98	86	TRUE	FALSE	41651057	A	T	intergenic	KRT17;AC130686.1	dist:26482;dist:14509	.	.	NA
17	44578685	0.132560066280033	0.157109190887667	1	0	0	1	3	71	67	TRUE	FALSE	44578685	C	G	intergenic	FZD2;LINC01180	dist:17423;dist:67679	.	.	NA
17	44578687	0.0735294117647059	0.133667502088555	1	0	0	1	3	64	63	TRUE	FALSE	44578687	T	C	intergenic	FZD2;LINC01180	dist:17425;dist:67677	.	.	NA
18	1721885	0.64464141821112	0.451127819548872	0.936	0	0.936	0.064	Uncertain	73	70	TRUE	FALSE	1721885	T	A	ncRNA_intronic	AC019183.1;AP005262.2	.	.	.	NA
18	6367928	0.852941176470588	1	0.999	0.999	0.001	0	1	80	67	TRUE	TRUE	6367928	A	G	intronic	L3MBTL4	.	.	.	NA
18	6636605	0.367647058823529	0.245614035087719	0.999	0	0.001	0.999	3	64	60	TRUE	FALSE	6636605	A	T	intergenic	RN7SL282P;AP005205.1	dist:34769;dist:5366	.	.	NA
18	8545964	0.978450786255096	0.956937799043062	1	1	0	0	1	101	77	TRUE	TRUE	8545964	C	T	intergenic	RN7SL50P;RAB12	dist:73836;dist:63473	.	.	0.036
18	13146339	0.498269896193772	0.0668337510442774	1	0	0	1	3	85	63	TRUE	FALSE	13146339	G	A	intergenic	CEP192;AP001198.2	dist:21289;dist:37063	.	.	NA
18	25948357	0.141743444365698	0.100250626566416	1	0	0	1	3	83	63	TRUE	FALSE	25948357	A	G	intergenic	RN7SL97P;SS18	dist:129825;dist:67896	.	.	NA
18	28846981	1	0.828300258843831	0.993	0.993	0.007	0	1	73	61	TRUE	TRUE	28846981	C	T	intergenic	AC090365.1;RNU6-408P	dist:57401;dist:201639	.	.	NA
18	28931188	0.94658553076403	0.87719298245614	0.989	0.989	0.011	0	1	87	60	TRUE	TRUE	28931188	G	T	intergenic	AC090365.1;RNU6-408P	dist:141608;dist:117432	.	.	NA
18	31084664	1	1	1	1	0	0	1	112	116	TRUE	TRUE	31084664	G	GT	intronic	DSC2	.	.	.	NA
18	36291161	0.645161290322581	0.657894736842105	0.93	0.056	0.93	0.014	Uncertain	62	64	TRUE	Uncertain	36291161	G	T	intergenic	MOCOS;FHOD3	dist:19004;dist:6553	.	.	NA
18	43796694	0.156862745098039	0.138050043140638	1	0	0	1	3	75	61	TRUE	FALSE	43796694	A	G	intergenic	AC022743.1;AC110014.1	dist:296858;dist:418277	.	.	NA
18	47366800	0.477408354646206	0.584795321637427	0.823	0	0.823	0.177	Uncertain	69	72	TRUE	FALSE	47366800	T	A	ncRNA_intronic	MIR4527HG	.	.	.	NA
18	48024846	1	1	1	1	0	0	1	168	110	TRUE	TRUE	48024846	C	CT	intergenic	SMAD2;ZBTB7C	dist:93700;dist:1826	.	.	NA
18	48115560	0.0840336134453781	0.0546821599453178	1	0	0	1	3	84	77	TRUE	FALSE	48115560	C	T	intronic	ZBTB7C	.	.	.	NA
18	49394236	1	1	1	1	0	0	1	81	60	TRUE	TRUE	49394236	T	A	intronic	DYM	.	.	.	NA
19	450713	0	0	1	0	0	1	3	79	65	TRUE	FALSE	450713	C	T	intronic	SHC2	.	.	.	NA
19	3109059	0.336134453781513	0.0532978014656895	1	0	0	1	3	98	79	TRUE	FALSE	3109059	C	A	intronic	GNA11	.	.	.	NA
19	3989224	0.15180265654649	0.140350877192982	1	0	0	1	3	62	60	TRUE	FALSE	3989224	A	T	intergenic	EEF2;PIAS4	dist:3761;dist:18512	.	.	NA
19	6786777	1	1	1	1	0	0	1	126	108	TRUE	TRUE	6786792	TCAAAACAAAATGAAA	T	intronic	VAV1	.	.	.	NA
19	7425687	0.140474100087796	0.0657894736842105	1	0	0	1	3	67	64	TRUE	FALSE	7425687	A	G	intronic	AC008878.3;ARHGEF18	.	.	.	NA
19	7950971	0.0735294117647059	0.131578947368421	1	0	0	1	3	64	64	TRUE	FALSE	7950971	T	G	intergenic	AC010336.8;ELAVL1	dist:5571;dist:7602	.	.	NA
19	12512160	0.132560066280033	0.0637958532695375	1	0	0	1	3	71	66	TRUE	FALSE	12512160	G	A	intronic	AC008758.1	.	.	.	NA
19	16575825	0.361990950226244	0.0902255639097744	1	0	0	1	3	78	70	TRUE	FALSE	16575825	A	C	UTR3	MED26	ENST00000263390.7:c.*202T>G	.	.	NA
19	17286670	0	0.0986842105263158	1	0	0	1	3	79	64	TRUE	FALSE	17286670	G	T	UTR3	ANKLE1	ENST00000394458.7:c.*118G>T;ENST00000594072.6:c.*118G>T;ENST00000652132.1:c.*118G>T;ENST00000404085.7:c.*118G>T	.	.	NA
19	17511265	1	0.874493927125506	0.999	0.999	0.001	0	1	73	65	TRUE	TRUE	17511265	C	G	ncRNA_intronic	AC010618.3	.	.	.	NA
19	21305454	1	1	1	1	0	0	1	112	110	TRUE	TRUE	21305455	TA	T	intronic	ZNF708	.	.	.	NA
19	23167318	1	1	1	1	0	0	1	126	122	TRUE	TRUE	23167319	TA	T	intergenic	ZNF730;ZNF724	dist:20098;dist:54280	.	.	NA
19	24407918	0.0313725490196078	0.0690250215703192	1	0	0	1	3	75	61	TRUE	FALSE	24407918	C	T	intergenic	AC073534.2;NONE	dist:260837;dist:NONE	.	.	NA
19	27296430	1	0.835421888053467	0.998	0.998	0.002	0	1	81	63	TRUE	TRUE	27296430	T	G	intergenic	NONE;ERVK-28	dist:NONE;dist:342053	.	.	NA
19	27361301	0.290230629696813	0.210526315789474	1	0	0	1	3	227	180	TRUE	FALSE	27361301	C	T	intergenic	NONE;ERVK-28	dist:NONE;dist:277182	.	.	NA
21	7261017	0.516499282639885	0.437727983324648	0.683	0	0.683	0.317	Uncertain	123	101	TRUE	FALSE	7261017	A	G	intergenic	CU634019.4;CU633904.2	dist:123228;dist:169652	.	.	NA
22	11039656	0.174672489082969	0.269393863806435	1	0	0	1	3	229	211	TRUE	FALSE	11039656	T	C	intergenic	AC145613.1;CU104787.1	dist:303373;dist:26762	.	.	NA
22	11954082	0.643250105797715	0.570585341859321	0.994	0.002	0.994	0.004	2	139	107	TRUE	FALSE	11954082	C	T	intergenic	AC137488.1;NONE	dist:704123;dist:NONE	.	.	NA
22	12700880	0.0919117647058824	0.0165768752590137	1	0	0	1	3	128	127	TRUE	FALSE	12700880	A	G	intergenic	AC137488.1;NONE	dist:1450921;dist:NONE	.	.	NA
22	12780198	0.0682011935208866	0.0314218381775334	1	0	0	1	3	69	67	TRUE	FALSE	12780198	A	C	intergenic	AC137488.1;NONE	dist:1530239;dist:NONE	.	.	NA
22	16112052	1	0.906432748538012	0.997	0.997	0.003	0	1	70	72	TRUE	TRUE	16112052	A	G	intergenic	AC145543.1;AC092854.1	dist:196252;dist:29715	.	.	NA
22	16157084	1	1	1	1	0	0	1	138	140	TRUE	TRUE	16157085	TA	T	intergenic	AC092854.1;AP000547.2	dist:15213;dist:363974	.	.	NA
22	16451207	0.148920327624721	0.218728639781271	1	0	0	1	3	79	77	TRUE	FALSE	16451207	G	A	intergenic	AC092854.1;AP000547.2	dist:309335;dist:69852	.	.	NA
22	17024332	0.963855421686747	0.874914559125086	0.995	0.995	0.005	0	1	83	77	TRUE	TRUE	17024332	C	T	intergenic	GAB4;AC006946.2	dist:16110;dist:43489	.	.	NA
22	17285553	0.0735294117647059	0.0690250215703192	1	0	0	1	3	64	61	TRUE	FALSE	17285553	G	A	intergenic	CECR3;CECR9	dist:18820;dist:43481	.	.	NA
22	20716977	0.968858131487889	1	1	1	0	0	1	85	70	TRUE	TRUE	20716977	G	A	intronic	PI4KA	.	.	.	NA
22	22261811	0	0.0690250215703192	1	0	0	1	3	67	61	TRUE	FALSE	22261811	G	A	intergenic	VPREB1;AC245060.6	dist:16296;dist:2790	.	.	NA
22	24632392	0	0	1	0	0	1	3	71	83	TRUE	FALSE	24632392	T	G	upstream	BCRP3	dist:562	.	.	NA
22	25257450	0.055363321799308	0.0345125107851596	1	0	0	1	3	85	61	TRUE	FALSE	25257450	T	G	intergenic	Z99916.3;AL022332.1	dist:4848;dist:22079	.	.	NA
22	25257453	0.140056022408964	0.067911714770798	1	0	0	1	3	84	62	TRUE	FALSE	25257453	G	A	intergenic	Z99916.3;AL022332.1	dist:4851;dist:22076	.	.	NA
22	26105876	0.19884009942005	0.233918128654971	1	0	0	1	3	71	63	TRUE	FALSE	26105876	C	T	intergenic	MYO18B;LINC02559	dist:74835;dist:55958	.	.	NA
22	27316651	0.380622837370242	0.259109311740891	0.997	0	0.003	0.997	3	68	65	TRUE	FALSE	27316651	A	C	ncRNA_intronic	AL020994.1;LINC02554	.	.	.	NA
22	28155592	0.20460358056266	0.0323886639676113	1	0	0	1	3	92	65	TRUE	FALSE	28155592	C	T	intronic	TTC28	.	.	.	NA
22	28163943	1	0.938833570412518	1	1	0	0	1	68	74	TRUE	TRUE	28163943	C	A	intronic	TTC28	.	.	.	NA
22	28845319	0.069204152249135	0.0942655145326002	1	0	0	1	3	68	67	TRUE	FALSE	28845319	G	T	ncRNA_intronic	Z93930.2	.	.	.	NA
22	31112263	0.0627450980392157	0.0967937084089534	1	0	0	1	3	75	87	TRUE	FALSE	31112263	T	C	intronic	SELENOM	.	.	.	NA
22	33970707	1	1	1	1	0	0	1	164	140	TRUE	TRUE	33970707	G	GT	intergenic	Z73429.1;LINC01643	dist:47941;dist:46731	.	.	NA
22	36613162	0.143472022955524	0	1	0	0	1	3	82	67	TRUE	FALSE	36613162	G	C	intronic	CACNG2	.	.	.	NA
22	38410399	0	0.0734394124847001	1	0	0	1	3	106	86	TRUE	FALSE	38410399	C	A	intergenic	TPTEP2-CSNK1E;Z97056.2	dist:11877;dist:6166	.	.	NA
X	840575	0.0939542483660131	0.0473684210526316	1	0	0	1	3	72	70	TRUE	FALSE	840575	C	G	intergenic	SHOX;AL672277.1	dist:181164;dist:149646	.	.	NA
X	1761870	0.638888888888889	0.624713958810069	0.997	0.001	0.997	0.002	2	72	69	TRUE	FALSE	1761870	T	A	ncRNA_intronic	AL683807.1	.	.	.	NA
Y	11331194	0.169117647058824	0.0762250453720508	1	0	0	1	3	88	87	TRUE	FALSE	11331194	A	T	intergenic	TTTY23;RN7SL702P	dist:1419232;dist:942279	.	.	NA
